User_ID,Uplift_Score,Prob_Buy_Ad,Prob_Buy_NoAd,Real_Outcome,Real_Treatment
688595,0.3885760554571415,0.43617311263629405,0.04759705717915251,0,1
998860,0.3863439059411624,0.4685397046835655,0.08219579874240304,0,0
191088,0.36814198662377695,0.525634721859415,0.15749273523563803,1,0
758271,0.35264724207350245,0.39985174635465043,0.047204504281147974,0,1
137641,0.33995634244549267,0.38633789394174434,0.04638155149625166,0,0
664396,0.3385326432310367,0.4023779955374004,0.06384535230636368,0,1
930185,0.3323841149810285,0.4167784312194362,0.08439431623840772,0,0
886639,0.3178352466965587,0.37900226838320095,0.0611670216866422,0,0
296049,0.3013556744568553,0.4005877350225521,0.09923206056569686,0,0
993416,0.29804438328868305,0.375877305162047,0.07783292187336394,0,1
382017,0.2870393682492489,0.32878872703201023,0.04174935878276132,0,1
182844,0.28516849584593196,0.39020765252305994,0.10503915667712801,0,1
119169,0.28395005495589554,0.36641523124979586,0.08246517629390031,0,1
259476,0.2808001658280727,0.3148878728862866,0.034087707058213915,1,1
850865,0.2797296723046956,0.340385268660456,0.06065559635576043,1,0
389530,0.27689567392666276,0.357437427184506,0.08054175325784323,0,1
462130,0.2718790643833196,0.37284136922962297,0.10096230484630335,1,0
351995,0.26886864982645364,0.31745964180717295,0.04859099198071929,0,0
631849,0.26853263117120746,0.2952639954690637,0.026731364297856195,0,0
715458,0.265192646018401,0.30949157609204664,0.04429893007364569,0,0
745263,0.26275289050564066,0.38427401021238744,0.1215211197067468,0,1
384806,0.26164478728394713,0.32447851266713007,0.06283372538318295,0,0
721820,0.25709357554688983,0.4929450594603809,0.23585148391349112,0,0
433863,0.25583346800290024,0.2790034504629689,0.02316998246006867,0,0
271033,0.25447239111732944,0.28097313436337823,0.026500743246048765,0,1
590025,0.24702529326703715,0.26948171101611085,0.0224564177490737,0,1
288456,0.24690737381250494,0.40338426183203396,0.15647688801952903,0,1
389102,0.24671887573145815,0.30303550586357986,0.05631663013212171,0,0
299775,0.2463257308448898,0.29102014554632477,0.044694414701434974,0,1
237244,0.24401414078370603,0.32426095971766,0.08024681893395398,0,0
237478,0.24159489243195026,0.2772867700398284,0.035691877607878134,0,0
218413,0.24070886755445792,0.4264461596692407,0.1857372921147828,0,0
697135,0.23870227395891266,0.40059100239258705,0.16188872843367438,0,0
886708,0.23826342767952446,0.30562498581867703,0.06736155813915255,1,0
910208,0.2338863206459521,0.262155140441118,0.028268819795165885,0,1
924690,0.23000194433612656,0.2554214077114544,0.025419463375327835,0,1
679879,0.22919797016269994,0.3150847783968545,0.08588680823415458,0,0
182180,0.22876522855216874,0.3248289831418854,0.09606375458971668,0,1
785154,0.22799412182752749,0.2511247036925524,0.02313058186502492,0,0
556956,0.22681108414229492,0.32574009380716845,0.09892900966487353,1,0
202239,0.22524954458925345,0.28749766816084465,0.06224812357159122,0,0
148777,0.22499415201046924,0.28487870079095845,0.0598845487804892,0,0
239544,0.2197318818462863,0.2954717192339676,0.07573983738768128,0,0
871246,0.21470537416768903,0.24705026087097137,0.03234488670328233,0,0
904449,0.21266341796556973,0.2875180354551764,0.07485461748960667,1,0
757258,0.21136926008622978,0.3438348435899902,0.13246558350376045,1,1
369150,0.2110948175161606,0.28618925770130993,0.07509444018514932,0,1
534995,0.20937695941674217,0.23866199478054073,0.02928503536379855,0,1
969474,0.2092167483253603,0.3100390494558381,0.10082230113047781,0,1
651025,0.2079396291273224,0.35122250264408966,0.14328287351676727,0,0
417267,0.20711281376860774,0.24626249891586796,0.039149685147260214,0,0
245016,0.206443766139349,0.24820421021850408,0.041760444079155065,0,0
683417,0.20603832952136641,0.31985602360806525,0.11381769408669884,0,0
819064,0.20545383866109473,0.2720173662883916,0.06656352762729689,0,1
123236,0.2053860115070173,0.2616216324507986,0.05623562094378132,0,0
765418,0.20390246498488435,0.3208406879088339,0.11693822292394955,0,1
876665,0.2027681983639466,0.27425604701014444,0.07148784864619782,0,1
878883,0.20179583941950324,0.20971376244385606,0.007917923024352812,0,0
706123,0.19995541446322002,0.27591004097268096,0.07595462650946093,1,0
777623,0.19940211287337709,0.31726647563721505,0.11786436276383797,0,0
630836,0.1993956164241972,0.3344797466047719,0.13508413018057472,1,1
629393,0.19884172975902037,0.2806488351958045,0.08180710543678414,1,1
552268,0.19832965293395027,0.2663903084854966,0.06806065555154635,0,1
411478,0.19781365645526078,0.2322058374750781,0.034392181019817294,1,1
493574,0.19578814096475705,0.3461789119895131,0.15039077102475606,0,0
489593,0.19483010605502743,0.22705992982240628,0.032229823767378846,0,0
257608,0.19442424468431962,0.28464187282071884,0.09021762813639922,0,0
149067,0.19264140650140762,0.20778379256435497,0.015142386062947343,0,1
371400,0.19109673703392135,0.40491686024003093,0.21382012320610957,0,0
779290,0.19026807541953905,0.25702768090818956,0.06675960548865052,0,0
265838,0.19021147838825253,0.2409508951052888,0.05073941671703628,0,1
590834,0.18643521147668016,0.20256143647796962,0.016126225001289473,0,1
499371,0.1860276847482465,0.21302636044603102,0.026998675697784517,0,0
741211,0.18492108057508636,0.2108412179543227,0.025920137379236357,0,1
578007,0.18379540814411632,0.23826224483993869,0.05446683669582235,0,1
491182,0.18366969947562675,0.24605097737425044,0.06238127789862369,0,0
712956,0.18260583931782862,0.20963501168597717,0.02702917236814856,0,1
616349,0.18137701782587584,0.23349867133296204,0.05212165350708621,1,1
192764,0.18084741895671647,0.2516360821461845,0.07078866318946803,0,1
617923,0.17987598224161444,0.21201813572027534,0.03214215347866089,0,1
971310,0.17987598224161444,0.21201813572027534,0.03214215347866089,0,1
798376,0.17967044202190702,0.24308988045126198,0.06341943842935496,0,1
623406,0.17950368817635273,0.23841845494438763,0.05891476676803489,0,1
411955,0.17828328999265497,0.2242621786627538,0.04597888867009882,0,1
544209,0.17632997535762698,0.1969659681118776,0.020635992754250636,0,1
479039,0.17552860158558153,0.19576279132625882,0.020234189740677276,0,0
431328,0.1751265877940381,0.19044126909669337,0.015314681302655257,0,0
827191,0.17511223302716583,0.21709548093696104,0.04198324790979521,0,0
308139,0.17379951913118524,0.2526751294863423,0.07887561035515704,0,0
709719,0.17363942627404205,0.2967922927550411,0.12315286648099903,0,0
247603,0.1735828833303471,0.19816887286552035,0.02458598953517323,0,1
546790,0.1729268874755803,0.2048231725070368,0.03189628503145651,0,1
763096,0.17137625183157612,0.18547480946872638,0.014098557637150247,0,1
664678,0.171313916814443,0.211375576346542,0.040061659532098996,0,0
151195,0.16964240801087438,0.20157020300610745,0.03192779499523307,0,1
442786,0.16943788227997741,0.18103263853413612,0.011594756254158692,0,0
518400,0.16920329781062166,0.21193764324433484,0.042734345433713176,0,0
136187,0.1683906741392884,0.19637307337867616,0.027982399239387758,0,0
673695,0.16718014225345995,0.20045563829503302,0.03327549604157307,0,0
419030,0.16712041929542748,0.4081557153835187,0.2410352960880912,0,1
310176,0.1669355449145631,0.24568692811207302,0.0787513831975099,0,1
835457,0.16630212475359485,0.2692428054824776,0.10294068072888274,0,1
429365,0.16614241398107774,0.2988607399423411,0.13271832596126334,0,1
830546,0.1655608137054484,0.2547952998999875,0.08923448619453911,1,1
768179,0.16502323238453792,0.24541606740920777,0.08039283502466986,0,0
441097,0.16455646212913286,0.1845492103232953,0.019992748194162437,1,0
816409,0.16372685455651959,0.1836208913357346,0.01989403677921501,0,0
522225,0.1636942569669704,0.17900893826962566,0.015314681302655257,0,1
440754,0.1631419211662785,0.1899658558418522,0.026823934675573705,0,1
906970,0.16310069673408933,0.23350499176641878,0.07040429503232945,1,1
710704,0.1625911711513141,0.22016372424599204,0.057572553094677945,0,1
126155,0.16240879279661086,0.25098714366306824,0.08857835086645739,0,0
700541,0.16122539616894144,0.20339957516162743,0.042174178992685996,0,0
655689,0.16105546141459817,0.23299432021595629,0.07193885880135811,1,0
291335,0.15920316821364391,0.22816671166078809,0.06896354344714417,1,1
828342,0.1591058700712861,0.20305985190750409,0.043953981836217994,0,1
717895,0.15904815562030766,0.21516570681939076,0.0561175511990831,0,0
790885,0.15759191841152317,0.2098696683872075,0.05227774997568433,0,0
369114,0.1573589974758849,0.19725250400704974,0.039893506531164864,0,1
506845,0.15729374139727817,0.22951985596517385,0.07222611456789568,0,0
472598,0.1571583166702985,0.1754275147179593,0.018269198047660796,0,0
347736,0.15701454239303678,0.2138941569452401,0.056879614552203334,0,1
654594,0.15697668415858035,0.20098137379632702,0.04400468963774668,1,1
359747,0.15672702399162286,0.22659243199886883,0.06986540800724596,0,1
945474,0.15668369132021726,0.29552283380241445,0.1388391424821972,0,0
291232,0.15616577007443247,0.27686865071347944,0.12070288063904697,1,1
883204,0.15544463725837293,0.17827521725904322,0.022830580000670276,0,1
770398,0.155432263074397,0.23061161616161618,0.0751793530872192,0,0
890074,0.1551822092014772,0.1810264184613565,0.025844209259879288,0,0
834983,0.1549503698976746,0.20408410235787727,0.049133732460202674,0,1
211032,0.1548833271234849,0.21291963923368099,0.05803631211019609,0,1
276615,0.15462662009494355,0.218124324380067,0.06349770428512343,0,0
110749,0.15396391767046325,0.20676902856936644,0.052805110898903204,0,1
143585,0.15293673819647705,0.19396105027314423,0.04102431207666719,1,1
468252,0.15257988028759822,0.22634665149487418,0.07376677120727594,0,0
983811,0.15179585139344964,0.1684814690230384,0.016685617629588742,0,0
764795,0.15166887054609846,0.2388104151742379,0.08714154462813943,0,1
310097,0.15100509712925797,0.2024460426725516,0.051440945543293634,0,0
700613,0.1502060130800879,0.1889566863372487,0.03875067325716079,0,1
296769,0.14972131307646305,0.1937110847514564,0.04398977167499335,0,0
566872,0.14926539340786465,0.27922843320044893,0.12996303979258428,0,0
849971,0.1491553071979162,0.26753586154463305,0.11838055434671685,0,0
680780,0.14901350103431227,0.20069684445105046,0.05168334341673818,0,1
134518,0.1489042237815768,0.23573041296949226,0.08682618918791545,0,1
821909,0.14882327028867345,0.2155931169660918,0.06676984667741834,0,0
586232,0.14880092772000011,0.28212800824543377,0.13332708052543366,1,1
758441,0.14854006242598006,0.16406714241311018,0.015527079987130137,0,0
785117,0.14847860173532862,0.2120276809081897,0.06354907917286105,0,1
792517,0.14844512696963835,0.19672565842431142,0.048280531454673065,1,1
405505,0.14841503279321536,0.20789488061843156,0.059479847825216196,0,1
785440,0.1476085457258558,0.18226337105902196,0.03465482533316615,0,0
267292,0.1473799731312918,0.21072101750163175,0.06334104437033994,0,1
167215,0.14685489095178905,0.22280474233341713,0.07594985138162809,0,0
501927,0.14675493889253774,0.1773172585446472,0.030562319652109447,0,0
576657,0.14592851945108518,0.18866368249304302,0.04273516304195784,0,0
792797,0.1457062672893184,0.2156521913191656,0.06994592402984721,0,0
917563,0.14472093747229212,0.2183315104815722,0.07361057300928009,0,0
900921,0.14449816154959033,0.18034712017123286,0.03584895862164253,0,0
623156,0.14403598974758341,0.22802746598272916,0.08399147623514575,1,0
291076,0.14318905122488795,0.18902525143125903,0.04583620020637109,0,1
679365,0.14288264013723775,0.19646515717187943,0.05358251703464168,0,1
311791,0.14285947625158785,0.18946522178218228,0.04660574553059445,0,0
611411,0.14266984159180643,0.18722681187852477,0.044556970286718345,1,1
305768,0.1419833455511657,0.18856336951822475,0.046580023967059035,0,0
887201,0.14175759273238936,0.2311573137042926,0.08939972097190324,0,1
735329,0.1416809145179324,0.18270951853864395,0.04102860402071154,0,0
126086,0.14108807118516448,0.20913127544998944,0.06804320426482498,0,1
254697,0.14065350444035402,0.18648061578555972,0.04582711134520569,0,1
748307,0.1405459775586336,0.18648061578555972,0.04593463822692612,0,1
541501,0.14041164176869936,0.22401946287313187,0.08360782110443252,0,1
367613,0.13993445359778867,0.21922372024470527,0.07928926664691661,1,1
465446,0.1398646624652503,0.23737294771234868,0.09750828524709836,0,1
900101,0.1395474033055994,0.15960880598820326,0.020061402682603854,0,1
943488,0.1394446986977844,0.1593045329370607,0.019859834239276314,0,0
369544,0.1390451728956915,0.1672871141559435,0.028241941260252014,0,1
872042,0.1390055793826418,0.18506076743610653,0.04605518805346473,0,0
783321,0.13741904377008649,0.2208874892473068,0.08346844547722032,0,0
664685,0.13639327909877885,0.19566605495969594,0.0592727758609171,0,0
867836,0.13618043019777373,0.25153334031911995,0.11535291012134621,0,0
191353,0.13605324033314256,0.2159558374750781,0.07990259714193554,0,0
626257,0.13581089392568396,0.20267019674803843,0.06685930282235447,0,1
472370,0.13580633254893487,0.2082023619210088,0.07239602937207394,0,1
800780,0.1356463083335602,0.1930245035217375,0.0573781951881773,0,1
230544,0.1352153261436508,0.17415305502444484,0.03893772888079402,0,1
789556,0.13498075479074353,0.15415978512589984,0.019179030335156312,0,0
192601,0.13470132331973877,0.2517660385772514,0.1170647152575126,0,1
385521,0.13449140431712567,0.17015916517076565,0.03566776085363998,0,0
108308,0.13416538017163646,0.21130900693813956,0.0771436267665031,0,0
998613,0.13333441542619362,0.17442536720966384,0.041090951783470234,0,0
556551,0.13319273250113783,0.24321815071668304,0.11002541821554519,0,0
351051,0.13290275111946892,0.1920457570655101,0.05914300594604118,0,1
402929,0.13216735883987413,0.20038545920201417,0.06821810036214003,0,1
970678,0.1313048537430218,0.23006526159298038,0.09876040784995858,0,1
966651,0.13112768995059412,0.156338504442187,0.025210814491592876,0,0
339629,0.13111671675715791,0.1984220836625248,0.06730536690536691,0,1
339017,0.13088064621132145,0.15618944471899535,0.025308798507673886,0,0
553105,0.1305705336484322,0.20320241723651938,0.07263188358808717,0,1
712492,0.13030274769865602,0.14554183348277275,0.015239085784116731,0,0
914038,0.1298024199153523,0.2236650816558791,0.09386266174052679,0,1
568933,0.1287585552939609,0.20378264680078684,0.07502409150682592,0,0
545377,0.12840533852995406,0.16362281584998695,0.03521747732003289,0,0
596758,0.1281887944051401,0.32631766997309486,0.19812887556795475,0,0
312943,0.1278520812985675,0.26294752586755915,0.13509544456899164,0,0
406094,0.1272105738180903,0.17556700494695804,0.04835643112886773,0,0
883066,0.1265357666786636,0.18484188426597764,0.058306117587314056,0,1
787220,0.12624557471691744,0.1655363650212881,0.039290790304370674,0,0
784846,0.12550952411778263,0.20935989623449613,0.0838503721167135,0,1
748531,0.12526122709094778,0.16256574416424652,0.03730451707329874,0,1
978806,0.12509591805381182,0.1657307449588775,0.040634826905065674,0,1
264053,0.12498075479074355,0.14415978512589986,0.019179030335156312,0,1
496087,0.1248952504350072,0.19108971250284593,0.06619446206783873,0,0
373146,0.12465465419517524,0.21874430021807506,0.09408964602289982,0,1
624426,0.12381304340707093,0.22165809527171526,0.09784505186464433,0,0
835716,0.12369139649352179,0.23275409127218188,0.1090626947786601,0,1
124538,0.12365705728680308,0.21819017987713699,0.0945331225903339,1,1
595164,0.12318131682668906,0.20420407966022686,0.08102276283353779,0,1
924834,0.12273092874292733,0.19985376571078364,0.07712283696785631,1,1
541416,0.12269020799969471,0.14908699985223575,0.026396791852541037,0,1
846084,0.12253386778671718,0.18403943148006646,0.06150556369334927,0,0
743407,0.12246448729715462,0.21607230840158714,0.09360782110443253,0,1
765847,0.1223077561764639,0.1962998483965553,0.07399209222009138,0,1
338360,0.1214311558659281,0.14450653822265214,0.023075382356724027,0,1
809662,0.11980498450854588,0.15507608219915728,0.0352710976906114,0,1
463714,0.11884460920405326,0.34142397891963105,0.2225793697155778,0,0
866535,0.11870198826180203,0.17373144390303297,0.05502945564123093,0,0
411877,0.11854870424349329,0.16500357782919536,0.04645487358570208,0,1
381685,0.11743055710074266,0.23047922263194137,0.11304866553119872,0,0
618823,0.11736840699849384,0.1343706439863393,0.017002236987845462,0,0
681780,0.11732984749110537,0.19539856709236367,0.0780687196012583,0,1
627759,0.11717634973868422,0.20983989686328852,0.0926635471246043,0,1
610470,0.11707897914659243,0.1827570775444156,0.06567809839782318,0,0
834965,0.11675686793896249,0.18849318909282162,0.07173632115385913,0,1
373237,0.11675686793896249,0.18849318909282162,0.07173632115385913,0,0
398512,0.11662486080556428,0.12331558238665559,0.006690721581091318,0,1
208042,0.11660504176881145,0.2824980576602263,0.16589301589141484,0,0
535048,0.11637347477407552,0.14070218488911285,0.024328710115037327,0,0
989097,0.11513561890497644,0.18837122377044044,0.073235604865464,0,0
551157,0.11487161769818556,0.18400613140113847,0.06913451370295291,0,1
345198,0.11462970099346494,0.14922166305723925,0.03459196206377431,0,1
664983,0.11365952938702842,0.16911776381745416,0.05545823443042574,0,1
732500,0.11330066081442232,0.22281677760710022,0.1095161167926779,0,1
529474,0.11326491504720744,0.1779218095176838,0.06465689447047636,0,0
358722,0.11291769620982495,0.2184859224590933,0.10556822624926834,0,0
625910,0.1128188155244238,0.14170049578582403,0.028881680261400228,1,0
634003,0.11234171276029367,0.20494452949494124,0.09260281673464757,0,1
162068,0.112113160405304,0.17211857494361954,0.060005414538315545,0,0
697218,0.11181481165063614,0.12551024107998296,0.013695429429346819,0,1
906651,0.11172541006760528,0.18503447753182528,0.07330906746422,0,0
860129,0.11150252567218254,0.17767187929353517,0.06616935362135264,0,0
251175,0.11108020508761421,0.19465777493012937,0.08357756984251516,0,1
157545,0.11056353705419122,0.1620708531343911,0.05150731608019988,1,1
858108,0.110550317561629,0.19964285029758178,0.08909253273595277,0,0
120074,0.11048228345757669,0.16867768040565753,0.058195396948080846,0,1
822724,0.10985156994590352,0.1831003651216846,0.07324879517578108,0,0
404462,0.10970981452758992,0.11920927537067268,0.009499460843082756,0,1
136668,0.10965328821445317,0.1674331616558412,0.05777987344138805,0,0
512104,0.10948735228611527,0.1587873250809083,0.04929997279479302,0,1
114153,0.10929724019672846,0.16614799558165314,0.05685075538492468,0,0
220234,0.10906480932017296,0.14333096248400137,0.034266153163828424,0,1
420197,0.10888141226322269,0.13084708473589216,0.021965672472669468,0,1
358503,0.1084568234725999,0.15396594624818868,0.04550912277558879,0,0
619332,0.10832905723566597,0.1435688383613264,0.035239781125660424,1,1
468226,0.10831443216815333,0.14291554881172214,0.03460111664356881,1,1
897606,0.10830931352186567,0.17983227393431755,0.07152296041245189,0,1
232503,0.10820252232608424,0.20560289096656276,0.09740036864047852,0,1
986926,0.10756701037610604,0.14423684921048077,0.03666983883437473,0,0
514600,0.10743986563169095,0.16248396650047678,0.05504410086878583,0,0
123091,0.10694188746709417,0.15567048202067893,0.04872859455358476,1,1
369054,0.10651258355819507,0.1462005337995616,0.03968795024136653,0,1
394054,0.10587045986641842,0.1468499994209619,0.04097953955454349,0,1
366847,0.10569983006832062,0.16794741403525634,0.06224758396693573,0,0
803798,0.10532752994421982,0.13498048902382379,0.029652959079603972,0,0
861282,0.10485368626261049,0.24430601758848783,0.13945233132587734,0,0
943890,0.10427106801466683,0.19835357418641336,0.09408250617174653,1,1
319055,0.1035205967781863,0.20592485277528574,0.10240425599709944,0,0
855343,0.10343480947730199,0.14677603150124185,0.043341222023939856,0,0
284626,0.10340701027409308,0.1796971828914318,0.07629017261733873,0,1
347940,0.10340509710799263,0.1104665278539907,0.007061430745998074,0,0
754224,0.10325162794851701,0.17463271537657962,0.07138108742806261,0,1
532315,0.10303117344197146,0.1556884793362717,0.052657305894300226,0,1
372647,0.10302480885500097,0.17671312094184619,0.07368831208684522,0,0
438511,0.10241268256544289,0.17332898956785406,0.07091630700241117,0,0
537470,0.10169969378568092,0.1625766465264712,0.060876952740790274,0,0
944193,0.10110709308864219,0.14759462688590652,0.046487533797264335,0,1
477816,0.10097721133580889,0.16535345439748064,0.06437624306167175,0,1
972637,0.10048666511835516,0.12392611404134271,0.023439448922987553,0,0
132154,0.10027204576176754,0.16332319793424965,0.06305115217248211,0,0
629739,0.10023881667343496,0.1863371660685089,0.08609834939507394,0,1
289139,0.10021868131994918,0.12392839637479858,0.023709715054849402,0,0
658986,0.09974164384719353,0.14519564465911156,0.04545400081191803,0,1
804590,0.09868919578242845,0.1579241068709725,0.05923491108854405,0,0
596013,0.09832847679433626,0.14201751117020187,0.04368903437586561,0,1
278274,0.0979889243423768,0.15286270545529038,0.05487378111291357,0,1
460890,0.09726176966308227,0.17961719878792104,0.08235542912483877,0,0
913349,0.09678479133545936,0.2562083824345557,0.15942359109909632,1,1
893072,0.09674671690238607,0.17154818090917373,0.07480146400678767,0,0
541460,0.09667803174097817,0.11466155780392881,0.017983526062950644,0,1
159101,0.0965864100399725,0.1810265469398582,0.0844401368998857,0,1
939070,0.09655875659788124,0.19926465319485134,0.1027058965969701,0,0
547600,0.09627163928907788,0.20799124684397768,0.1117196075548998,0,0
167155,0.096259405445027,0.21415569989097238,0.11789629444594539,0,1
357009,0.09602737837933373,0.16767811736048518,0.07165073898115146,0,1
984884,0.09598292426132395,0.15944431156355332,0.06346138730222937,0,0
320972,0.09593545540389097,0.20486149452896713,0.10892603912507616,0,1
834994,0.0958582379443613,0.1440054935832489,0.048147255638887616,1,0
824479,0.09558364016057505,0.11281208688929936,0.01722844672872432,0,0
279635,0.09554770010552228,0.1399244724432004,0.0443767723376781,1,0
724411,0.09550019631494466,0.11805177359606554,0.022551577281120873,0,0
650448,0.09414218549526306,0.21134914271797783,0.11720695722271478,1,0
950867,0.0941081005058621,0.13488730273348654,0.04077920222762444,1,0
227016,0.09407944208412822,0.1348755271550732,0.04079608507094498,0,1
764076,0.09354988888207018,0.1994897363958631,0.10593984751379291,0,1
317029,0.09325136587464114,0.15285717390187853,0.05960580802723738,0,0
849074,0.09303256944772115,0.16218459416926026,0.06915202472153911,0,1
855271,0.09254302245683757,0.10551642466257702,0.01297340220573945,0,0
851883,0.09254302245683757,0.10551642466257702,0.01297340220573945,0,1
561552,0.09218594518083052,0.13059208545766723,0.03840614027683671,0,1
867454,0.09215022110683614,0.10614671203261467,0.013996490925778527,0,1
511357,0.0918207834657713,0.13891735132463817,0.04709656785886687,1,0
966792,0.09145503917062077,0.1549735495791004,0.06351851040847963,0,0
993093,0.09120477240407009,0.15844639890922085,0.06724162650515077,1,0
925656,0.09104075459242088,0.18087435859054526,0.08983360399812439,1,0
382762,0.09084031557822025,0.2541086470280592,0.16326833144983893,0,0
950538,0.09071051830960374,0.15345829261098332,0.06274777430137958,0,0
370856,0.09043330640538262,0.16570504815048853,0.07527174174510591,0,1
415261,0.09038924591320335,0.11478532616140874,0.024396080248205384,0,0
117955,0.09037865964118072,0.13734155536614137,0.04696289572496065,0,1
373109,0.09008995092010941,0.1543285172296894,0.06423856630958,0,1
203355,0.09005161383406365,0.14479774108082963,0.054746127246765974,0,1
314283,0.08978682626971894,0.10791516839787742,0.018128342128158476,0,1
455540,0.08977162772206927,0.17946353167568738,0.0896919039536181,1,1
320184,0.08970474076379344,0.12424811150414766,0.034543370740354226,0,1
325314,0.0896877779358861,0.1761839107522288,0.0864961328163427,0,0
521486,0.08961182701594125,0.13049393409087776,0.040882107074936495,0,1
953725,0.08915251202558108,0.14436972132751313,0.055217209301932045,0,0
752589,0.08907762832909685,0.11574136774638973,0.026663739417292866,0,0
979381,0.08835074802572672,0.19233857163257184,0.10398782360684512,0,0
990324,0.08834659995879841,0.15884531956825354,0.07049871960945513,0,0
184080,0.08827823294538051,0.13772053934821046,0.04944230640282996,0,1
663586,0.08821096814162128,0.18348527248129265,0.09527430433967136,1,1
860801,0.08813939900761301,0.13453845381918067,0.046399054811567655,0,1
210155,0.08749609609098663,0.11141946089247934,0.02392336480149271,0,0
692278,0.0874306599102074,0.10798355255335368,0.020552892643146276,0,1
502732,0.08725949906835455,0.15532694600363128,0.06806744693527673,0,1
639773,0.08701077947981008,0.140184597629397,0.053173818149586924,0,1
212990,0.08650392512412192,0.13289472833297636,0.04639080320885444,0,1
808140,0.08648206160787927,0.21226084693653408,0.1257787853286548,1,0
626861,0.085834731205318,0.11632338445743048,0.03048865325211249,0,1
925146,0.08582169475809512,0.1372091098624465,0.051387415104351374,0,1
787995,0.08546954615258144,0.17988745308168708,0.09441790692910564,0,0
318126,0.08536616263116831,0.15294765052072015,0.06758148788955184,0,1
970020,0.08499513711309753,0.18007811464380663,0.0950829775307091,1,1
219735,0.08480732216053366,0.16270636000009253,0.07789903783955887,0,1
987164,0.08462659351674584,0.09897773358983411,0.014351140073088266,0,1
633884,0.08457540579549866,0.15499695264977867,0.07042154685428001,0,1
364480,0.08444383221246174,0.11848717982289511,0.034043347610433365,0,0
873290,0.08424431490935123,0.1565982321534194,0.07235391724406816,0,0
987474,0.0842218514363531,0.19971482526806658,0.11549297383171347,0,0
666161,0.08416390000428614,0.10642123999730792,0.02225733999302177,0,0
200417,0.08408643685578487,0.11675922331583566,0.03267278646005078,0,0
392822,0.08404492740427671,0.11106543051393046,0.027020503109653742,0,1
536162,0.08371346680259242,0.13334634622489852,0.04963287942230609,0,0
537477,0.08346064556871963,0.1943104415935084,0.11084979602478878,0,0
990328,0.083422138963433,0.14101513571854446,0.05759299675511145,0,0
270102,0.08329933199824985,0.1945900926172173,0.11129076061896745,0,1
603650,0.08319650293199077,0.12702466859649392,0.04382816566450314,0,0
798112,0.0831486159656518,0.15729724438795664,0.07414862842230484,0,1
416275,0.08314264850938438,0.12134160714002686,0.03819895863064248,0,0
824698,0.0830076865553986,0.14978217464348428,0.06677448808808568,0,1
752465,0.0814627569382941,0.20667049283809902,0.1252077358998049,0,0
132217,0.08145389882779358,0.11291172818720648,0.03145782935941289,0,0
428821,0.08141500468665708,0.13891112352402676,0.05749611883736968,0,0
323461,0.08126353651305102,0.132493844589671,0.05123030807661998,0,1
446371,0.0810562171253803,0.18667352788509184,0.10561731075971154,0,0
591024,0.08100789698924049,0.10367576300782319,0.0226678660185827,1,1
378600,0.08075670658695769,0.09915496117920557,0.01839825459224788,0,0
861315,0.08062691644491723,0.21444776260411896,0.13382084615920173,0,0
825453,0.08053073352756662,0.1391394148847706,0.058608681357203984,0,1
973332,0.08051828649097353,0.11407727650012152,0.033558990009147985,0,1
735956,0.08051828649097353,0.11407727650012152,0.033558990009147985,0,0
924899,0.08031569650768412,0.16623395713771305,0.08591826063002893,0,1
519139,0.0802636567275089,0.1470740662686183,0.0668104095411094,0,1
257729,0.08025980854110304,0.1886285468942847,0.10836873835318167,0,1
661419,0.08023950708522348,0.11309127113026009,0.03285176404503661,0,0
243521,0.08022847156321083,0.12142784375408892,0.041199372190878096,1,1
980006,0.08011119916044929,0.13480942945184368,0.0546982302913944,0,0
451279,0.08005954930308623,0.12924867344900545,0.04918912414591922,0,0
303861,0.07996984139847413,0.11043370545858182,0.030463864060107693,0,1
932672,0.07988033233308489,0.14265407636016253,0.06277374402707764,0,1
165725,0.07961034392617303,0.12394394720244815,0.044333603276275134,0,1
532548,0.0794527332904301,0.11311031418681101,0.03365758089638091,0,1
233767,0.07944536230213858,0.09759834766395813,0.018152985361819547,0,0
446130,0.07944121170718244,0.10750082863073221,0.02805961692354978,0,0
187265,0.07934099189182253,0.10966829568419185,0.030327303792369323,0,1
994498,0.07922355567768785,0.09855741910482012,0.01933386342713226,0,0
971803,0.07891621144593425,0.13914177184789062,0.060225560401956375,0,0
332050,0.07880923338028223,0.14362810220233438,0.06481886882205215,0,1
386214,0.07870105619682641,0.14764359926130102,0.06894254306447462,0,1
790907,0.07855528190371294,0.11901187358132038,0.04045659167760744,1,1
479551,0.07842878225702277,0.1683340578550774,0.08990527559805464,0,1
897622,0.07838148433889712,0.17937128456015802,0.1009898002212609,0,0
764180,0.07819457240972345,0.12230901981982685,0.0441144474101034,0,0
954882,0.07805251916083908,0.09138896047586924,0.013336441315030152,0,0
825256,0.07757600900680686,0.16783819862888083,0.09026218962207397,1,1
414877,0.07749744412055229,0.15075506518733564,0.07325762106678335,0,1
743942,0.07749542171278738,0.20200794912478406,0.12451252741199668,0,1
658221,0.07727737579940741,0.1160043170922774,0.03872694129286999,0,1
530599,0.07708503262684,0.2872284222743029,0.2101433896474629,0,1
313030,0.07694336816105773,0.16365151377949463,0.0867081456184369,1,1
360669,0.0768428401200568,0.18985608787190192,0.11301324775184513,0,1
424060,0.07683254633179729,0.0919099948431483,0.015077448511351012,1,0
920483,0.0768124574674639,0.11988904493016243,0.04307658746269854,0,0
728419,0.07679308833429468,0.14456911897511876,0.06777603064082408,0,0
250810,0.07652432957911293,0.17514697158794207,0.09862264200882914,0,1
814834,0.07647997930833297,0.11109675344563608,0.0346167741373031,0,0
385555,0.0764757903447946,0.12797483373639912,0.05149904339160452,0,0
769931,0.07645272865877657,0.10323235769546932,0.02677962903669275,0,1
962129,0.07627864563920388,0.17295980543431486,0.09668115979511098,0,0
306846,0.07595912853957452,0.11024445098616123,0.034285322446586705,0,1
336584,0.07552150819422702,0.10655484911489616,0.031033340920669127,0,1
640285,0.07548055045861296,0.15159298811548216,0.0761124376568692,0,0
161929,0.07546230575902375,0.1455066112667229,0.07004430550769915,0,1
114382,0.07525908602103887,0.12661446005494473,0.051355374033905866,0,0
299919,0.07514230267510744,0.16267003630835866,0.08752773363325123,0,0
279785,0.07505203767201327,0.1164808268247585,0.041428789152745234,0,1
220029,0.07482346908899218,0.12173302079934546,0.04690955171035329,0,0
964909,0.07481833693855287,0.18568685269391344,0.11086851575536057,0,0
295246,0.0747030971812125,0.1492511507050026,0.07454805352379011,0,0
354346,0.07451915150073683,0.11298227073260697,0.03846311923187014,0,1
251094,0.07438131067739238,0.15084620916802996,0.07646489849063758,0,0
407747,0.0732791417769997,0.12444322690435408,0.05116408512735438,0,0
728861,0.07272685220186859,0.0942585563879547,0.02153170418608611,0,1
121172,0.07271291360752642,0.1469115445665155,0.07419863095898908,0,0
938387,0.07256097152679535,0.14488588610446024,0.07232491457766489,0,0
121959,0.07241975635149546,0.14614930215875938,0.07372954580726392,0,1
474710,0.07237095264006942,0.14567473931430996,0.07330378667424055,0,0
220151,0.07227935708549359,0.17175599222805085,0.09947663514255727,0,0
654970,0.07206018708094306,0.23003133303696088,0.15797114595601783,0,0
430904,0.07184639824390243,0.09962010205526971,0.02777370381136728,0,0
656542,0.07177302686749812,0.12511144735179702,0.05333842048429891,0,1
511274,0.07131959767760183,0.12104828154007752,0.049728683862475684,0,0
713333,0.07091818265328413,0.11710139636560887,0.04618321371232474,1,1
913348,0.07084414671030556,0.1546385639644813,0.08379441725417575,0,1
209556,0.07043356132009337,0.2305664519526821,0.16013289063258873,0,0
416480,0.07040764702175506,0.11999405178579414,0.04958640476403908,0,0
525106,0.07016644851897129,0.08379094607859862,0.013624497559627332,0,1
761450,0.070102228952033,0.13325099513840885,0.06314876618637585,0,0
953499,0.070100613523298,0.2295242046223943,0.15942359109909632,0,0
257584,0.07007462517688903,0.11740857440532455,0.047333949228435514,0,1
659931,0.06995228977780786,0.10555075906458505,0.03559846928677719,0,0
941052,0.06977162772206925,0.17946353167568738,0.10969190395361812,0,0
613758,0.06948268836385749,0.16780506137097856,0.09832237300712107,1,0
710269,0.06882091002321292,0.1419360116637867,0.07311510164057378,0,0
227834,0.06876375228628057,0.12382225490959069,0.05505850262331013,0,0
448980,0.06868425550468246,0.09314725109899806,0.024462995594315595,0,0
710411,0.06835181072137236,0.11857971713079861,0.05022790640942624,0,1
958379,0.06825190042416977,0.09571719755216207,0.027465297127992293,0,1
143925,0.06815761308238047,0.14296442252528782,0.07480680944290735,1,1
652439,0.06805205849663652,0.10561878111310065,0.03756672261646413,0,0
495395,0.0680430247290932,0.18267564923374366,0.11463262450465046,0,0
161087,0.06796132568083069,0.09822974458675769,0.030268418905927002,0,1
135634,0.06784176285859944,0.08012813363575529,0.012286370777155846,0,1
221999,0.06781407647390643,0.11835591036994175,0.050541833896035324,0,0
192578,0.06766667192722162,0.13625710975754052,0.0685904378303189,0,0
908258,0.0675222110901542,0.10011950362875151,0.032597292538597306,0,0
929957,0.06724577780742404,0.10585211289243218,0.038606335085008145,0,0
225991,0.06712978258466877,0.0849513171408576,0.017821534556188835,0,1
159234,0.06697614390690551,0.26586436018427995,0.19888821627737444,0,1
870042,0.06684685211095864,0.14280583914024905,0.07595898702929041,0,0
507507,0.06673169335172924,0.11009477290950415,0.043363079557774915,0,0
962522,0.06659015841053742,0.1067682423037865,0.04017808389324907,0,1
633556,0.06658636408123869,0.2248841923537028,0.1582978282724641,1,0
307990,0.06625565180147085,0.08214923942922897,0.015893587627758124,0,1
794335,0.06617118699822494,0.18743088710208397,0.12125970010385903,0,0
154575,0.06607293452393705,0.15494188343852502,0.08886894891458798,0,0
650458,0.06599583768445778,0.17308616619223594,0.10709032850777815,1,0
968584,0.06593133770461443,0.124541704897083,0.05861036719246857,0,0
823035,0.06582264650266671,0.10879692657604599,0.04297428007337928,0,1
950163,0.06578467086007717,0.15730154100516633,0.09151687014508916,0,0
172991,0.06573702624630431,0.11593826445240256,0.050201238206098245,0,0
580047,0.06561027142133197,0.19193558497948499,0.12632531355815302,0,0
368799,0.06556925268946857,0.17643776844482914,0.11086851575536057,1,0
170119,0.06552150819422703,0.09655484911489616,0.031033340920669127,0,1
981220,0.06551276955263187,0.18767171847123287,0.122158948918601,0,0
836129,0.06549502807059632,0.11447383656881277,0.048978808498216446,0,0
997151,0.06542253591526402,0.13244764392698546,0.06702510801172144,0,0
511597,0.06519824784302557,0.09949915779374117,0.03430090995071561,0,1
538774,0.0651946685232668,0.11719371191487132,0.05199904339160452,0,1
155609,0.06510995331946136,0.1479607052946822,0.08285075197522083,0,1
108155,0.06485531353015567,0.1854687497682186,0.12061343623806292,0,0
351537,0.06477972176203647,0.2171505757684019,0.15237085400636544,0,0
752665,0.06475890106897968,0.1192870159964595,0.05452811492747982,0,1
853298,0.0646549219921736,0.10604285752853579,0.04138793553636219,0,0
715115,0.06465127882142543,0.11918212165946017,0.054530842838034735,0,1
824839,0.06442839613303868,0.0930683120575812,0.028639915924542528,0,0
914660,0.06403609126890936,0.14145208876583848,0.07741599749692912,0,1
542905,0.0638401984745254,0.07874598868877881,0.014905790214253416,0,0
712181,0.06364463175750226,0.10921337481078976,0.04556874305328749,0,0
644447,0.06354437161897164,0.12856376916730552,0.06501939754833388,0,1
151374,0.0634606093123521,0.09298601860593653,0.029525409293584427,0,0
301579,0.06344475445209018,0.1040088036658651,0.04056404921377492,0,1
389227,0.06324957751655956,0.07140786866000615,0.008158291143446591,0,1
236917,0.06318818982075283,0.07965383661262097,0.016465646791868137,0,1
580488,0.06308353302244979,0.11637161835747589,0.053288085335026096,0,0
323894,0.06299334497951546,0.09448231111879193,0.03148896613927647,0,1
616123,0.06288338644753412,0.10688460778097383,0.04400122133343971,1,1
330147,0.0628595443451489,0.1071660226603085,0.044306478315159596,0,0
170640,0.06282748748580604,0.10245688842212072,0.03962940093631469,0,0
961882,0.06266915633149342,0.09614953770218147,0.033480381370688046,0,0
109337,0.06254551310415922,0.08295243673706276,0.020406923632903546,0,1
315048,0.06242960098291219,0.0689125213232429,0.006482920340330707,0,1
695600,0.06237186855085755,0.09534598494061342,0.032974116389755864,0,0
526752,0.062211946757147876,0.1360553391803873,0.07384339242323944,1,1
348552,0.06212758228576011,0.1087367427350024,0.04660916044924229,1,1
175766,0.061908415155204094,0.1262196946029516,0.0643112794477475,0,0
139711,0.06187251260483771,0.1756769583442502,0.1138044457394125,0,0
892154,0.06170866479644799,0.08868227595634304,0.02697361115989505,0,0
988544,0.061545024363993464,0.14396723417122742,0.08242220980723396,0,0
958058,0.061261806803017044,0.07567839259959408,0.01441658579657704,0,0
951765,0.06102198458026925,0.15653458849756008,0.09551260391729083,0,0
903147,0.06101072073481942,0.11348144184574865,0.052470721110929236,0,0
747296,0.06097782619172196,0.07868303679430813,0.017705210602586178,0,0
584146,0.060917211806336545,0.09092674885238505,0.030009537046048508,0,0
236554,0.06091446765620224,0.08495430205083013,0.02403983439462789,0,1
806528,0.06062813585143445,0.13312279775868027,0.07249466190724582,0,0
364598,0.06061440872852381,0.0893767519643355,0.028762343235811692,0,1
306487,0.060494469121167516,0.07542254523589607,0.014928076114728557,0,0
418408,0.06042674256916529,0.13735412840308356,0.07692738583391827,0,1
527826,0.0603723958981418,0.12003879427706829,0.05966639837892649,0,1
144789,0.060340899055400715,0.1955481586013999,0.1352072595459992,0,1
385977,0.060138492692886125,0.10055564213167754,0.04041714943879142,0,0
880641,0.0601181990899721,0.11597162107942229,0.05585342198945018,1,1
953900,0.05929238531507358,0.1097417633296989,0.05044937801462532,0,1
565982,0.05906833599272124,0.07792080063957178,0.01885246464685054,0,1
394746,0.05895455127450758,0.19273834490030253,0.13378379362579496,0,0
575781,0.05894754723944208,0.09461517879505646,0.03566763155561438,0,1
771256,0.05889947905107056,0.11138787531223997,0.052488396261169405,0,1
844840,0.05867237282917789,0.15041184513111586,0.09173947230193796,0,0
848589,0.05842942430999244,0.10364596988733958,0.04521654557734714,0,0
145186,0.05830281532099531,0.12106518418477101,0.0627623688637757,0,1
275399,0.05820391167308732,0.08855487304954444,0.03035096137645713,0,1
694736,0.05815453523948525,0.0967934439901125,0.03863890875062725,0,1
728138,0.05808666302531887,0.12190125408224033,0.06381459105692146,0,0
122431,0.05808398550310519,0.12318642757617852,0.06510244207307334,0,0
421638,0.058032449228232474,0.09973676305516126,0.04170431382692878,0,1
861985,0.05796880187852893,0.08372779882437319,0.025758996945844253,0,1
473706,0.05790563398450541,0.09635826188989814,0.03845262790539273,0,0
577958,0.057883776240993265,0.08852085154236128,0.03063707530136801,0,1
712121,0.057720940006009844,0.11769379146743088,0.059972851461421034,0,0
487025,0.057077467603071155,0.13278109464232732,0.07570362703925616,0,1
373255,0.056846106435878535,0.09796081730865701,0.04111471087277847,0,0
140738,0.0567085090134265,0.08310273371278243,0.026394224699355925,0,1
429588,0.05658584814233461,0.09813974543749984,0.04155389729516523,0,1
901849,0.05624215465749645,0.09610519781464134,0.039863043157144895,1,1
408449,0.0560740736145139,0.06918349707812216,0.013109423463608254,0,0
780218,0.05606331667709823,0.08009444490868102,0.024031128231582793,0,0
149812,0.05597942711551321,0.07837922508205444,0.02239979796654124,0,1
554179,0.055884580257990105,0.10521673818752918,0.04933215792953907,0,0
870326,0.05585913974112148,0.09546045334642052,0.03960131360529904,0,1
712246,0.055803912389236224,0.16622522293179745,0.11042131054256123,0,0
502690,0.05573730659420416,0.08552686029715183,0.029789553702947665,0,1
787605,0.055596300982637,0.12906842445193184,0.07347212346929484,0,0
890546,0.05535880150395389,0.12111388602961279,0.0657550845256589,0,0
728864,0.05526577122076385,0.06764795418339481,0.012382182962630961,0,0
730235,0.055253356951275465,0.08876968203437592,0.03351632508310046,0,1
928294,0.054996488763610976,0.15439656363157991,0.09940007486796894,0,0
535684,0.054897034078980625,0.12161292350066245,0.06671588942168183,0,1
532659,0.05477771150458323,0.1360950375101363,0.08131732600555307,1,1
567874,0.054494190575594445,0.1147715316665135,0.06027734109091905,0,1
303127,0.05438273543670195,0.0915426492295985,0.03715991379289655,0,0
906790,0.05435449843932774,0.09160217472096409,0.03724767628163635,0,0
390160,0.05434929633966473,0.16292766452065216,0.10857836818098743,0,0
153352,0.05432129336088791,0.09979120551197097,0.045469912151083064,0,0
104000,0.05409947859019151,0.13899804407849758,0.08489856548830607,0,0
966867,0.053761164856583415,0.06603305578178503,0.012271890925201616,0,1
665856,0.05371549075651062,0.11550316462318241,0.06178767386667179,1,0
994647,0.05365085358491474,0.09411835631191857,0.040467502727003835,0,1
897968,0.053606365391418026,0.1367253258800994,0.08311896048868136,0,0
444138,0.05323186154809581,0.16784617143146405,0.11461430988336824,0,0
122031,0.05322435640572669,0.13026746266425238,0.07704310625852569,1,0
953164,0.05273793659685863,0.110333468707366,0.05759553211050737,0,1
317285,0.052660342320174275,0.13085183385975369,0.07819149153957941,0,1
382725,0.05249831737253432,0.11309038208055623,0.06059206470802191,0,1
762784,0.05238747196265098,0.07600413030250057,0.02361665833984959,0,1
687520,0.052305645293314024,0.0825563554403049,0.030250710146990878,0,0
877915,0.05198475827648794,0.09244521303820674,0.0404604547617188,0,0
262993,0.05196372687607334,0.11917138703900693,0.06720766016293359,0,0
193848,0.05185224826457896,0.12252811498238321,0.07067586671780425,0,1
319780,0.05175095089538927,0.10829943914647772,0.05654848825108845,0,0
498172,0.05168860466743064,0.1337564213430909,0.08206781667566027,0,1
670559,0.05164379948650905,0.10699507931586727,0.05535127982935822,0,0
118658,0.05149534264529173,0.08354849130829374,0.03205314866300201,0,0
805660,0.051290015159580905,0.07232597332095486,0.021035958161373956,0,0
635242,0.05123106792941971,0.11993707234435919,0.06870600441493947,0,0
948925,0.05117319644822736,0.09853320673441025,0.04736001028618289,0,0
700847,0.05104145242771054,0.07490237575114038,0.023860923323429838,0,1
174601,0.05098294424606045,0.15794759649202994,0.10696465224596949,0,0
821772,0.05089297823861921,0.1901879678292722,0.13929498959065298,0,0
756639,0.05079271359299435,0.1718130378958448,0.12102032430285044,1,1
248056,0.050739762966729045,0.07460068629015888,0.023860923323429838,0,0
416837,0.05067751966013769,0.09938070033515092,0.04870318067501323,0,0
418714,0.0504255002792228,0.11014115572993692,0.05971565545071412,0,0
281948,0.05007247973026454,0.07050074558394619,0.020428265853681647,1,0
237848,0.049971196901311576,0.1142610208610086,0.06428982395969703,0,0
117347,0.04995754594749212,0.0928373608769518,0.04287981492945968,0,1
881725,0.04991910355889565,0.10726320776981252,0.05734410421091687,0,0
471994,0.04985859485882342,0.06566045114472742,0.015801856285904,0,0
414063,0.049770103691637146,0.11514801448684903,0.06537791079521188,1,0
998792,0.049669469630888974,0.15912431964065255,0.10945485000976357,0,1
148874,0.04961862289293967,0.10541192897295242,0.05579330608001275,0,1
749789,0.04937640029803869,0.18456765171816797,0.13519125142012928,0,1
107099,0.049362223460516996,0.12178725792951185,0.07242503446899486,0,1
189780,0.04925439878569027,0.08992668582112959,0.04067228703543932,0,1
653453,0.0492050753432832,0.08997639544412384,0.040771320100840634,0,1
868734,0.049183481506516774,0.10464170051432196,0.05545821900780519,0,0
855728,0.04903854415933193,0.08674788401066363,0.0377093398513317,1,1
344883,0.048904408023042356,0.21170635255736975,0.1628019445343274,0,1
235832,0.0488894318228395,0.08247978460747425,0.03359035278463475,0,1
482729,0.04869775778764908,0.1200560687452322,0.07135831095758312,0,1
930496,0.04847604919519323,0.12921842592306684,0.08074237672787361,0,0
602648,0.04827868861538965,0.07674035202973091,0.02846166341434126,0,1
914914,0.04813359160191272,0.07398132654847393,0.025847734946561216,0,0
876997,0.04811091668253385,0.13772690735337859,0.08961599067084473,0,0
291475,0.048028769953150266,0.14514899837400108,0.09712022842085082,0,0
358090,0.04775610654478085,0.11133991113567016,0.0635838045908893,0,1
584585,0.04775561024454865,0.07400502907508766,0.026249418830539013,0,0
214397,0.047752422162089594,0.09794727579049199,0.0501948536284024,0,1
980889,0.04772510581774987,0.11032631404122499,0.06260120822347512,0,1
437054,0.04764272602237092,0.09200525799970637,0.044362531977335445,0,0
531413,0.04764272602237092,0.09200525799970637,0.044362531977335445,0,1
981691,0.04754368637192235,0.08764157146162216,0.04009788508969981,0,1
551269,0.04745993651154584,0.13542664897004653,0.08796671245850068,0,0
506332,0.0473984770126444,0.10430211937864894,0.05690364236600454,0,1
687421,0.04733602563163831,0.08105775942589491,0.0337217337942566,0,0
963663,0.047165426915894246,0.13163962007352586,0.08447419315763162,0,1
190272,0.047077689286261916,0.0745241185047547,0.02744642921849278,0,0
724219,0.047050525899915076,0.09165285663531218,0.04460233073539711,0,1
891542,0.046753459479426406,0.06293930531231022,0.016185845832883815,0,0
418394,0.04672111193946756,0.07501698529491324,0.02829587335544568,0,0
438365,0.046323471835684235,0.05983584092481417,0.013512369089129936,0,0
990083,0.04625001017265663,0.12891323218687645,0.08266322201421981,0,1
314835,0.046124141398317706,0.15451855196820738,0.10839441056988967,0,1
277558,0.04607665713821224,0.13034709176237722,0.08427043462416497,0,1
405062,0.04586490836040506,0.07793354237637097,0.03206863401596591,0,0
917865,0.045457397626518736,0.05243251796220456,0.006975120335685821,0,0
363160,0.04539350010392469,0.160896494257168,0.11550299415324332,0,0
557828,0.04538215742317732,0.10716983128984911,0.06178767386667179,1,1
467436,0.04537949205589915,0.09135499005118261,0.045975497995283464,0,0
459687,0.04532206557809955,0.07512431940633862,0.029802253828239072,0,0
209945,0.0452086745473887,0.09250851152599032,0.04729983697860162,0,0
174813,0.045143226884555535,0.06867766493689631,0.023534438052340772,0,0
854444,0.045121401292582484,0.06843901687796103,0.023317615585378544,0,0
438404,0.04504986652468668,0.11756077322622055,0.07251090670153387,0,0
248554,0.04504438595224046,0.11664012710516637,0.07159574115292591,0,0
517113,0.04504310764730178,0.0883340923202788,0.043290984672977026,0,1
206611,0.044969604769182756,0.10260312801594433,0.057633523246761575,0,1
320156,0.044580911453492245,0.1500057212713318,0.10542480981783955,0,0
259380,0.0445496848885866,0.16140291019025438,0.11685322530166778,0,0
631089,0.044467714676308515,0.11173556648485353,0.06726785180854501,0,0
387516,0.044100266894649326,0.08163294872516454,0.03753268183051521,0,0
382272,0.04404701901193304,0.10359701876918921,0.059549999757256174,0,0
567010,0.04372370950784725,0.10998471958585844,0.06626101007801119,1,0
761614,0.043407235670118144,0.2229429235568249,0.17953568788670676,0,0
868613,0.04338858073316056,0.0689757286254808,0.025587147892320243,0,1
216739,0.0431311103407359,0.14179985345293858,0.09866874311220268,0,0
928187,0.043125447172944975,0.2584630966427682,0.2153376494698232,1,1
492136,0.043119352969643844,0.0970900231577536,0.053970670188109755,0,1
802922,0.04308908365081687,0.06689812613005225,0.02380904247923538,0,1
268502,0.043048297994902104,0.10620849051062961,0.0631601925157275,0,0
348500,0.043024386070045315,0.1405921539796432,0.09756776790959788,0,0
574112,0.04284487881173299,0.13176468233938654,0.08891980352765355,0,1
835265,0.042155997284788416,0.07215101985330306,0.029995022568514648,0,0
244356,0.042053341817290965,0.1289001632247002,0.08684682140740922,0,0
481915,0.0418663054177215,0.11470968800072168,0.07284338258300017,0,0
277900,0.041630761345777145,0.06452859918409763,0.022897837838320487,0,1
870915,0.04156735882996736,0.12271766849973241,0.08115030966976505,0,0
467631,0.04143234249394817,0.12014375434614333,0.07871141185219516,0,0
946143,0.041404553609543836,0.07031035699848664,0.02890580338894281,0,1
365888,0.04137497798446195,0.08873052974804306,0.04735555176358111,0,0
898843,0.04132267319131682,0.09346504565116522,0.052142372459848395,0,1
258518,0.04115650648124865,0.050997802671152004,0.009841296189903353,0,1
151934,0.041127343360152675,0.09392860995394933,0.05280126659379666,0,1
674578,0.0408323663526909,0.08937664692925198,0.048544280576561086,0,0
195462,0.0406945603686758,0.1290391737448464,0.08834461337617061,0,0
234415,0.040655945667165946,0.12936987139111278,0.08871392572394683,0,0
616771,0.04054463618298275,0.08059007454975214,0.040045438366769395,0,0
370403,0.04033351899500617,0.06768226584711366,0.027348746852107485,0,0
195257,0.04005300631645323,0.1360286907144129,0.09597568439795967,0,1
313942,0.03985848028816452,0.056290472516312355,0.01643199222814783,0,0
505453,0.03973137854264368,0.10116330796764063,0.06143192942499695,0,0
591862,0.039721801464880545,0.09759469297036098,0.05787289150548044,0,1
834042,0.03956049380664557,0.13536862630239216,0.09580813249574659,0,1
651050,0.03945110079787473,0.06850622504560393,0.029055124247729203,0,0
613313,0.03943314220355208,0.08066177341113039,0.0412286312075783,1,0
277912,0.03940007320646352,0.0627849601930193,0.02338488698655577,0,1
635017,0.03920658481241626,0.14168769438652487,0.10248110957410861,0,1
739896,0.03919201544756342,0.073348873681393,0.034156858233829586,1,1
825836,0.03910441326234517,0.09861577095657818,0.05951135769423301,0,0
905889,0.03881466430772913,0.08485524387543578,0.046040579567706644,0,1
447139,0.03881441725094342,0.0812440995992375,0.04242968234829407,0,1
855801,0.03870860193482055,0.09094291888648177,0.052234316951661225,0,1
620985,0.03844657268842462,0.1382556001848408,0.09980902749641617,1,1
778843,0.038315819276572655,0.08222644725859586,0.043910627982023206,0,0
367926,0.0381932391626546,0.06850622504560393,0.03031298588294933,1,1
648884,0.03807859850518888,0.08725421770400887,0.04917561919881999,0,0
738418,0.0379161269303723,0.15013997947561636,0.11222385254524406,0,1
681793,0.03789820218554346,0.04857072845057072,0.01067252626502726,0,1
792111,0.037829954398254026,0.11555456075287159,0.07772460635461756,0,1
343322,0.037654635894309986,0.06974054356667905,0.03208590767236907,0,0
177794,0.03733161922074484,0.08542546005950183,0.048093840838756986,0,0
999159,0.03671672049516604,0.10958044537351742,0.07286372487835138,0,1
260372,0.036669264648198883,0.06814606977937156,0.031476805131172673,0,1
826728,0.03659092840685273,0.10155199219342541,0.06496106378657268,0,1
750024,0.036440334590702644,0.06123330489044599,0.024792970299743346,0,0
720756,0.036328288249339154,0.08996654731383828,0.05363825906449913,0,1
731347,0.036296637042703944,0.10506036464548846,0.06876372760278451,0,0
716024,0.03620385393081249,0.08686697909563375,0.05066312516482126,0,0
345404,0.03616678314428775,0.08336621658663933,0.04719943344235158,0,1
540917,0.035955876624984846,0.0895458054300723,0.05358992880508746,0,0
346183,0.0358690170110967,0.08803952048431345,0.052170503473216744,0,0
619984,0.03585552188137217,0.10299373189716146,0.06713821001578929,0,0
273416,0.035830246033703904,0.09829079646041816,0.06246055042671426,0,0
737147,0.03575463162938401,0.07406881944459806,0.03831418781521405,0,0
241521,0.03553711301660177,0.10779122874793566,0.07225411573133389,0,0
185530,0.035175538491834156,0.07011601701398758,0.03494047852215342,0,1
831109,0.03515390482292381,0.07850425762656316,0.043350352803639344,0,0
249849,0.03506862766767845,0.05975140370786486,0.024682776040186406,0,0
409735,0.034828651271722175,0.1129020866810888,0.07807343540936662,0,1
584963,0.03464210956106231,0.11730298244749292,0.0826608728864306,0,1
545358,0.03460597399857417,0.07647989481722073,0.041873920818646555,0,1
331447,0.03448842995057014,0.16372099627392672,0.12923256632335658,1,1
216656,0.03448397882379747,0.07618182199268882,0.041697843168891344,1,1
817406,0.034306113929711946,0.1875429089277387,0.15323679499802675,0,0
133787,0.03427237995466867,0.10585666495744428,0.07158428500277561,0,0
879128,0.03414365494908307,0.06667339606756707,0.032529741118484,1,1
214914,0.03401381054715363,0.16466963155333622,0.1306558210061826,1,0
955474,0.033936716283274784,0.15195566164758706,0.11801894536431227,0,0
611778,0.03386198478881004,0.06434951061843491,0.030487525829624874,0,1
825495,0.03382937713269238,0.13722315261262547,0.10339377547993309,0,1
639660,0.03363718341520695,0.07347414003894721,0.03983695662374026,0,1
518034,0.033598340817592,0.17668612818924254,0.14308778737165054,0,0
532430,0.03342332639960362,0.05321810640953158,0.019794780009927963,0,1
489957,0.03340482938696282,0.10074166740364277,0.06733683801667995,0,0
233004,0.033337105922443086,0.08924529050886924,0.05590818458642616,0,0
628014,0.03321616190937564,0.06943149608385855,0.036215334174482916,0,0
456992,0.033185773747432826,0.12813171550385438,0.09494594175642156,0,0
991793,0.03285747160262044,0.11355050082602375,0.08069302922340331,0,0
860278,0.03283811031564189,0.035877979454300706,0.003039869138658816,0,1
516978,0.03277961380401958,0.07457844977346424,0.04179883596944466,0,0
213632,0.03276612627284854,0.09671623086920235,0.06395010459635381,0,0
270963,0.03269828882243617,0.07743183217363155,0.04473354335119538,0,1
601174,0.03246192240349445,0.09576647716798486,0.06330455476449041,0,0
865537,0.03229289632033678,0.07795088089705965,0.04565798457672287,0,1
166262,0.032154400403152615,0.09099529784733479,0.05884089744418217,0,0
145033,0.03194685573879924,0.09527218241262148,0.06332532667382224,0,0
346693,0.03165912026176829,0.1561516734194143,0.12449255315764601,0,1
177505,0.0312095501731266,0.10417825507686883,0.07296870490374223,0,0
853704,0.030974733951676187,0.07974529762127672,0.04877056366960053,0,1
248066,0.030900497786109905,0.049403526600830784,0.01850302881472088,0,1
605659,0.030887094260284326,0.10947891310606912,0.0785918188457848,0,1
538755,0.030855771703267122,0.07771923256904349,0.04686346086577637,0,1
869097,0.030784133582810153,0.12627637269147152,0.09549223910866136,0,1
659252,0.03077128778492981,0.10001532417544963,0.06924403639051982,0,1
730265,0.03051760209458659,0.057083199417328964,0.026565597322742374,0,0
232028,0.030486912798398533,0.10814497662313595,0.07765806382473742,0,0
573125,0.030258798570879958,0.0761669831573061,0.04590818458642615,0,1
843583,0.030179117944891844,0.06256803657447599,0.032388918629584144,0,0
339968,0.030178593712172727,0.10678830397040462,0.07660971025823189,0,0
283675,0.029876675686420398,0.0873956620250928,0.057518986338672404,0,0
655655,0.02985098290594762,0.1163190588699689,0.08646807596402128,0,1
435098,0.029824700569818036,0.10990172772710938,0.08007702715729134,0,1
235044,0.029570385625899483,0.07905153100732437,0.04948114538142489,0,1
321883,0.029517575219510275,0.07949180651167292,0.04997423129216265,0,1
618767,0.029480365264938135,0.16971507539967814,0.14023471013474,0,0
835430,0.028940751035089335,0.07250299085984396,0.04356223982475463,1,0
302416,0.028717848348038727,0.06208745305564792,0.03336960470760919,1,1
173523,0.028321433686597286,0.13436774584820735,0.10604631216161006,1,0
194377,0.028010903744249166,0.07799105508779873,0.049980151343549564,0,0
909942,0.02800081569059361,0.08603487766923212,0.058034061978638515,0,0
707167,0.027933050705241644,0.10973740570201752,0.08180435499677588,1,1
443912,0.0278276586503175,0.10214047034283619,0.07431281169251869,0,1
891842,0.027757259687053136,0.0799591620427718,0.052201902355718664,0,0
348710,0.027739837731983776,0.06416958128090883,0.03642974354892505,0,1
731827,0.027540923544498053,0.10038430612749823,0.07284338258300017,1,0
410914,0.027325850924204503,0.21412222405012213,0.18679637312591763,0,0
688158,0.02730746485883575,0.07067997002461425,0.0433725051657785,0,1
513860,0.027274815422955345,0.13932028670074795,0.1120454712777926,0,0
172303,0.027246866368378808,0.17604845304390396,0.14880158667552515,0,0
125592,0.02693473454747558,0.10784861517961122,0.08091388063213564,1,1
506619,0.026906571795944856,0.17527451181128798,0.14836794001534312,0,1
833429,0.02679497417564236,0.055284588937050044,0.028489614761407683,1,1
373797,0.026755904709618195,0.0299192883150266,0.003163383605408407,0,0
779574,0.026684528818778877,0.11547334229111994,0.08878881347234106,0,0
222232,0.026666486044646907,0.047477376364477776,0.02081089031983087,0,1
458918,0.02662442082384399,0.09540909182902597,0.06878467100518199,0,1
983084,0.026558007141936707,0.14708519825708039,0.12052719111514368,1,1
626338,0.026506037143654917,0.10316480824985233,0.07665877110619741,0,0
388998,0.026446193365271466,0.07553523611467966,0.049089042749408195,1,1
190306,0.026442092439917735,0.05132587321663226,0.024883780776714527,0,1
226060,0.02626344473477161,0.05111026238124222,0.024846817646470613,0,0
533374,0.02608902599593654,0.041441900874149465,0.015352874878212925,0,0
431236,0.02599513146815116,0.10258188949828613,0.07658675803013497,0,1
666202,0.02590659977739565,0.06024962645383578,0.03434302667644013,0,0
670387,0.02570667238895842,0.06785088693842693,0.04214421454946851,1,0
969794,0.025348111552779107,0.07491694577860485,0.04956883422582574,0,0
524127,0.025306734475081076,0.05678728821969796,0.03148055374461688,1,0
937393,0.025239393370614358,0.09574841323646378,0.07050901986584943,0,0
712380,0.02503893148764509,0.06264603945130122,0.03760710796365613,0,0
282170,0.02501786880468357,0.09445076774603658,0.06943289894135302,0,1
477539,0.02456771212971892,0.08866530340016601,0.06409759127044709,0,1
667760,0.024393639310515552,0.08812873673864177,0.06373509742812622,0,0
887019,0.0243086674730036,0.047305912660069185,0.022997245187065585,0,1
592148,0.02427294973619494,0.08728183598186558,0.06300888624567064,0,0
233296,0.024260816168765426,0.03988581312419946,0.015624996955434036,0,0
242483,0.024010658057694003,0.03642820800370695,0.012417549946012945,0,1
319930,0.023983437416684017,0.09619379720430503,0.07221035978762101,0,1
962557,0.02395071433283162,0.08268062528610796,0.05872991095327634,1,1
316823,0.023928893657599933,0.05673753184107765,0.03280863818347772,0,1
335365,0.023580417555534666,0.09259194336579205,0.06901152581025738,0,0
963561,0.02338092885993276,0.10792496447199701,0.08454403561206425,1,0
465321,0.02337991530403838,0.11558121163131649,0.09220129632727811,0,0
618477,0.0230417600813711,0.142008426767953,0.1189666666865819,0,0
151226,0.0228733459003901,0.07076475836905168,0.047891412468661576,0,1
288014,0.02259240547796522,0.12284194065348011,0.1002495351755149,1,0
749438,0.02247341115684505,0.06632149851032143,0.04384808735347638,0,0
284779,0.022437546551629307,0.0706049002853371,0.04816735373370779,0,1
521818,0.022088898415157876,0.09903974893607062,0.07695085052091274,0,1
983194,0.02198466206104871,0.11646383022523256,0.09447916816418385,0,0
368093,0.021943894296098894,0.05478458645219666,0.032840692156097764,0,0
980662,0.021924605696236776,0.08678571170351984,0.06486110600728306,0,1
112175,0.021851804284155264,0.04153549311131711,0.019683688827161844,0,1
440676,0.021542233391303345,0.08783898533781094,0.0662967519465076,1,0
390998,0.021534561837937977,0.0725974703789084,0.051062908540970425,0,1
512755,0.021470290592628803,0.06479003709625425,0.043319746503625446,0,0
494423,0.021457402991352854,0.05381850828413908,0.03236110529278623,0,1
669667,0.02137948959350277,0.07659969248880072,0.05522020289529795,0,0
616595,0.02132877332797814,0.09552244362702941,0.07419367029905127,0,0
338404,0.02120511083615973,0.08089010499885074,0.05968499416269101,0,0
106154,0.021041537082762546,0.05373705437660723,0.032695517293844685,0,1
606964,0.020971178283239078,0.1026556572774717,0.08168447899423262,0,0
398871,0.020849806267135493,0.08134298018415477,0.06049317391701928,0,1
189464,0.020794961337855633,0.06982406071760514,0.0490290993797495,0,0
572525,0.020424839137967263,0.13292561969698163,0.11250078055901437,0,1
173869,0.020341530625573673,0.11145594268258734,0.09111441205701366,0,0
772108,0.020035278744174035,0.03923748928359132,0.019202210539417282,0,1
947467,0.019829283897349642,0.14463531743281316,0.12480603353546352,1,1
816948,0.01982788623227018,0.04880937197459731,0.028981485742327128,0,1
632295,0.019640278622021258,0.07551885594785514,0.05587857732583388,0,1
744863,0.019591971795539245,0.11289536945095614,0.0933033976554169,0,1
826481,0.019546570453035178,0.0967179008910887,0.07717133043805352,0,0
912461,0.019400375355051597,0.06660646759324479,0.04720609223819319,0,0
134701,0.018721349548142596,0.037992288673756744,0.01927093912561415,0,1
688579,0.018670960692186815,0.06533380042940588,0.04666283973721907,0,1
549916,0.01864449458478913,0.09046250655136875,0.07181801196657962,0,0
467003,0.018633666251173873,0.06371051987724473,0.045076853626070855,0,1
914037,0.018541242047279638,0.09966549487283985,0.08112425282556021,0,1
827346,0.01828056039452655,0.07390855430368848,0.05562799390916193,0,0
837334,0.018268281542867817,0.13220068542960667,0.11393240388673885,0,1
645977,0.01809396677252005,0.10021870788993884,0.08212474111741878,0,1
567835,0.018076637166168218,0.06968620316139326,0.051609565995225044,0,1
999885,0.017917117918350316,0.059857180217052226,0.04194006229870191,0,0
607942,0.017740666576610484,0.07736117503230554,0.059620508455695054,0,0
381342,0.0174582217440587,0.1612384091742925,0.1437801874302338,0,0
525037,0.017332813876232173,0.14871305861938747,0.1313802447431553,0,0
766393,0.01712731630215962,0.1218940488044684,0.10476673250230878,0,0
220263,0.017123759584381643,0.051305281227629854,0.03418152164324821,0,0
331758,0.017043263600732203,0.04972169631988578,0.03267843271915358,0,0
119033,0.01696129413448655,0.09245607751851108,0.07549478338402453,0,1
929395,0.016638630539705934,0.054388017018046436,0.0377493864783405,0,1
317215,0.01659837094917574,0.04843361323619013,0.03183524228701439,0,0
278595,0.016498823862155648,0.11218933664345504,0.09569051278129939,0,0
134084,0.016492746391854787,0.06598546104045182,0.04949271464859703,0,0
210687,0.016387069676147337,0.09069457639062929,0.07430750671448196,0,0
158871,0.01634409315204336,0.07788099382186259,0.061536900669819226,0,1
169274,0.016217642202158752,0.11629927941246061,0.10008163721030186,0,1
501415,0.016213684442908882,0.1549942860179015,0.1387806015749926,0,1
151924,0.016083668934810766,0.10533494285701908,0.08925127392220832,0,1
675335,0.01580299454714426,0.13805036554803518,0.12224737100089092,0,0
647993,0.01568205748216628,0.1252115602847637,0.10952950280259743,0,0
958158,0.01565952750201697,0.06467114779731835,0.04901162029530138,0,1
930914,0.015275641032963541,0.08359137449437065,0.06831573346140711,1,1
435674,0.01522377244164412,0.08917012600044232,0.0739463535587982,0,0
384154,0.015217761913982608,0.09918186038116651,0.0839640984671839,0,0
510543,0.015108951215687103,0.09580851863575555,0.08069956742006845,0,0
824188,0.015062634083639913,0.05881716319596102,0.043754529112321104,0,0
257087,0.014903968012738349,0.0675906587955813,0.052686690782842945,0,0
599653,0.014730667309757348,0.08649184595322978,0.07176117864347244,0,1
964950,0.014608714480361926,0.08023481801942028,0.06562610353905836,0,0
353490,0.014599421158395853,0.1493052863922972,0.13470586523390135,1,1
984011,0.01458720975681585,0.11540277607932474,0.10081556632250889,0,0
778250,0.014472907760775797,0.0955038626045365,0.0810309548437607,0,1
688099,0.014368529143672037,0.09462602196714334,0.0802574928234713,0,0
136487,0.014359490053562837,0.06269094488250979,0.04833145482894695,0,0
928791,0.014359490053562837,0.06269094488250979,0.04833145482894695,0,1
398185,0.014220085623943007,0.026932223213811085,0.012712137589868078,0,1
986514,0.014208195278271218,0.16279166026918157,0.14858346499091035,0,1
767542,0.014073899241190013,0.14699941413150036,0.13292551489031035,0,0
695923,0.013927927794047806,0.09675786781322289,0.08282994001917508,0,0
209996,0.013907180737246214,0.07575216384602466,0.06184498310877845,0,1
760482,0.013768571703691071,0.06970593800062379,0.05593736629693272,1,0
452228,0.013207523043900986,0.04752634281165875,0.03431881976775777,0,0
632954,0.012948830707591216,0.09545328680504993,0.08250445609745871,1,1
440615,0.012813957647570332,0.08070172959065312,0.06788777194308279,0,1
386103,0.012576146299772106,0.10279796530807898,0.09022181900830688,0,1
962371,0.012402552235818765,0.235382190553146,0.22297963831732723,0,0
212221,0.012384285914653986,0.1300821683560761,0.11769788244142212,0,0
152428,0.01233694328816698,0.11495248677550628,0.1026155434873393,0,0
448688,0.012331786864002409,0.07108156543636927,0.058749778572366865,0,0
750429,0.012298077689955514,0.11864089825713235,0.10634282056717684,0,0
385855,0.011927663866831528,0.05266325372348997,0.04073558985665844,0,1
437913,0.011810322743203289,0.1262361556413742,0.1144258328981709,0,1
955684,0.011793150476725578,0.037134725063451765,0.025341574586726187,0,1
830664,0.011556861498370916,0.09407034782182894,0.08251348632345802,0,0
825948,0.01154957652549464,0.05584910289392922,0.04429952636843458,0,1
288490,0.011531276945474074,0.06415008614698314,0.05261880920150907,0,1
217322,0.0115152099283291,0.030023211018849524,0.018508001090520424,0,0
293259,0.011208408309115958,0.1276546852713544,0.11644627696223844,0,1
457792,0.011036246384602433,0.10129357745953513,0.0902573310749327,0,0
661672,0.010946265976026062,0.06249248501718124,0.05154621904115518,0,1
442829,0.010866841657615096,0.048297021304164404,0.03743017964654931,0,0
807220,0.010829562586458424,0.10644527835478021,0.09561571576832179,0,1
360910,0.010721140081185646,0.09887274563426976,0.08815160555308411,0,1
980765,0.0106523011109151,0.12713292311327623,0.11648062200236113,0,0
139081,0.010417360029229529,0.057983860278421576,0.04756650024919205,0,0
538974,0.010333576099694257,0.06238398899787301,0.05205041289817875,1,1
805860,0.010263057740668186,0.09150960945072759,0.0812465517100594,0,0
403571,0.01010435708492783,0.06596067942461936,0.05585632233969153,0,1
359214,0.009987124764450808,0.07037755076819954,0.060390426003748734,0,0
642335,0.009881487987050942,0.07015170327371503,0.06027021528666409,0,0
218015,0.00974165464774411,0.08245825483294315,0.07271660018519904,0,1
140809,0.00967453826149986,0.12436774584820734,0.11469320758670748,0,0
168431,0.009471297309728725,0.06561857851081776,0.056147281201089035,0,0
526577,0.009346338054122813,0.061157456749963736,0.05181111869584092,0,1
582604,0.009082897791793079,0.03923748928359132,0.03015459149179824,0,1
226108,0.009073969787993505,0.11426935217002257,0.10519538238202907,0,0
119816,0.008901029145071127,0.07350153696769773,0.06460050782262661,0,0
950610,0.00875424722926399,0.08552131602518864,0.07676706879592465,0,0
830023,0.008421529397728153,0.10213608193342916,0.093714552535701,0,1
102257,0.00829707194228306,0.05309522941850189,0.044798157476218826,0,0
775673,0.008287332242742251,0.04646896584008755,0.0381816335973453,0,1
970820,0.008259684436885205,0.05657542713839613,0.04831574270151093,0,1
396141,0.008233801315633553,0.0469198321056127,0.03868603078997915,0,0
212356,0.00812661233716791,0.07868683966973294,0.07056022733256503,0,0
752026,0.00792499502374041,0.04815746946248217,0.04023247443874176,0,0
668020,0.007835120833049443,0.059088298448326027,0.051253177615276584,0,0
373260,0.007567951985575527,0.085254899055056,0.07768694706948047,0,0
302747,0.007397582745660221,0.04952453213661557,0.04212694939095535,0,1
405073,0.0069527861669775315,0.20833865764653792,0.20138587147956039,0,1
909217,0.006900358636612536,0.06979126744743136,0.06289090881081882,0,0
225149,0.006801251299448294,0.05131848950030148,0.04451723820085319,0,1
476794,0.006782957445738619,0.0889308420749232,0.08214788462918458,0,1
974392,0.006780809799406609,0.07584250040333346,0.06906169060392685,0,0
470321,0.006751303855557569,0.08794302167690878,0.0811917178213512,0,0
568466,0.0066365843174278905,0.09953939471410835,0.09290281039668045,0,1
738836,0.006539173406478985,0.09427211766490437,0.08773294425842539,0,0
453824,0.006519516988103061,0.0898355629752161,0.08331604598711304,0,0
613319,0.006181205524225332,0.059633185915210093,0.05345198039098476,0,1
343051,0.006074568710115642,0.04815744303955416,0.04208287432943852,0,1
271836,0.006030568239599292,0.060434462379083474,0.05440389413948418,0,0
209847,0.006026011952887836,0.0667082237985643,0.06068221184567646,0,0
327135,0.005612714642036318,0.05746613983403166,0.051853425191995345,0,1
403988,0.0053787624649808685,0.20104066295455614,0.19566190048957527,0,1
225885,0.0053357704884190935,0.05990106729203998,0.054565296803620884,0,1
738387,0.005222720995652005,0.04111159756064181,0.035888876564989805,0,0
646342,0.004795613507085433,0.08295514710042456,0.07815953359333913,0,0
576410,0.004440687023207823,0.06899496315018566,0.06455427612697784,1,0
529667,0.004432576994583756,0.07866530340016599,0.07423272640558223,1,1
148320,0.0044081817583346145,0.05446872430107813,0.050060542542743516,0,1
939188,0.0042383240080811485,0.05668564883604521,0.05244732482796406,1,0
959751,0.004155785877708082,0.11817808043881266,0.11402229456110458,0,1
193808,0.003936969744743973,0.1331564155755601,0.12921944583081613,0,0
300244,0.003934153912267077,0.08660883117048723,0.08267467725822016,0,1
902514,0.003890018847308392,0.05527486873603005,0.051384849888721655,0,0
519065,0.0037891288321078853,0.08437618927258062,0.08058706044047273,0,1
613012,0.0036687786239688602,0.04704584080020779,0.04337706217623893,0,0
667873,0.003615177412432724,0.10930562583798674,0.10569044842555401,0,0
751406,0.0035629410806889833,0.07512463168461583,0.07156169060392685,0,0
811935,0.003319357741101127,0.059103064014494854,0.05578370627339373,0,0
631885,0.0031340297805319967,0.041465662810162035,0.03833163302963004,0,1
837378,0.0030924595720739495,0.08045998950020286,0.07736752992812891,0,0
427825,0.0030359477708375576,0.08682019952929028,0.08378425175845272,0,0
146850,0.002949484052273299,0.15621188277776224,0.15326239872548894,0,0
158596,0.0028308084882042173,0.07883812493883287,0.07600731645062865,0,1
308944,0.0026023880383123504,0.06812556770300891,0.06552317966469656,0,1
340773,0.0023768315479398214,0.061226495380496716,0.058849663832556895,0,0
291703,0.0020935052183295236,0.05525919578161122,0.053165690563281694,0,0
306402,0.001921861080800516,0.08629444187426488,0.08437258079346437,1,1
654399,0.001667529082401753,0.1635182190176713,0.16185068993526955,0,1
971408,0.0013185934914023145,0.09058459156482611,0.0892659980734238,0,0
222409,0.001224850955580531,0.08426192900630353,0.083037078050723,0,1
890756,0.0009861296846356699,0.0701184187949122,0.06913228911027652,0,0
746465,0.0007544230313842257,0.055886780792991926,0.0551323577616077,0,0
180102,6.83332849347601e-05,0.10369146200497129,0.10362312872003653,0,0
771009,-0.0005583820927471048,0.03336911091100164,0.03392749300374875,0,0
216492,-0.0007493526003883172,0.09297144957408658,0.0937208021744749,0,0
509995,-0.0009933365783166836,0.07755789393079598,0.07855123050911267,0,1
474226,-0.0010511026045438021,0.08037509403038894,0.08142619663493274,0,1
778100,-0.001553248895439445,0.04282618961805605,0.044379438513495496,0,0
291387,-0.0015883130372267157,0.03025757409600198,0.031845887133228695,0,0
462916,-0.001588784680145408,0.0731383417384551,0.0747271264186005,0,1
855195,-0.0016015663470343652,0.036806437746195304,0.03840800409322967,0,0
489878,-0.0018299705760789278,0.06227557547983962,0.06410554605591855,0,0
974772,-0.0020504906380134844,0.048394176338965235,0.05044466697697872,0,0
646015,-0.002323992273521369,0.0724017288227087,0.07472572109623007,0,1
338009,-0.002416807555911671,0.07845220925290616,0.08086901680881783,0,0
294509,-0.002464882250018119,0.0741055950200733,0.07657047727009142,1,0
903328,-0.0025187822439177165,0.09054180873251051,0.09306059097642823,0,0
408557,-0.0028060984093618846,0.08098015423474032,0.08378625264410221,0,0
799983,-0.002916895091207683,0.06872906731469516,0.07164596240590285,0,0
886261,-0.003193402639611251,0.05393330148730747,0.05712670412691872,0,1
811131,-0.0036738100923499467,0.08076268120539147,0.08443649129774142,0,0
711004,-0.0038139110292925854,0.06457471586315652,0.06838862689244911,0,0
777160,-0.003969431760400703,0.060434462379083474,0.06440389413948418,0,1
906527,-0.004500122141861913,0.050987901942574965,0.05548802408443688,0,0
584814,-0.004600544366673023,0.06486674986196142,0.06946729422863444,1,0
829963,-0.004720531433667387,0.051513283409178795,0.05623381484284618,0,1
415507,-0.005009892043419839,0.12962273246123063,0.13463262450465047,0,0
831899,-0.00525992587697427,0.07437794604784,0.07963787192481427,0,0
587879,-0.0056092824174268086,0.08740573175452476,0.09301501417195157,0,1
448939,-0.005802477649770182,0.13260725081291538,0.13840972846268557,0,1
903591,-0.005961440099491372,0.13700274315961888,0.14296418325911026,0,1
548330,-0.005967251435292795,0.09839216911861072,0.10435942055390351,0,1
277164,-0.006098624197555441,0.11477226480707862,0.12087088900463407,1,1
664037,-0.006110748939248803,0.06998353724648285,0.07609428618573165,0,1
124071,-0.0061213642383763575,0.05767673013594087,0.06379809437431723,0,0
205228,-0.006185189506255975,0.09794925011307347,0.10413443961932944,0,1
645735,-0.006210485154904868,0.0904044511385721,0.09661493629347696,0,0
477812,-0.006500050270584805,0.037421486932280174,0.04392153720286498,0,1
204211,-0.006703425240633762,0.06223695942699477,0.06894038466762853,0,0
399888,-0.006737653168489899,0.08374490050278158,0.09048255367127148,0,0
248087,-0.006788227952871206,0.0977472195988035,0.10453544755167471,0,0
556285,-0.007108769439005402,0.1700532798159418,0.1771620492549472,0,1
808533,-0.007177006778674139,0.08591105240916554,0.09308805918783968,0,0
552776,-0.007232047698636113,0.13353512735909362,0.14076717505772973,0,0
112666,-0.007316174743565558,0.05682695066723397,0.06414312541079953,0,1
873221,-0.0076017872749050835,0.1057472195988035,0.11334900687370858,0,1
515008,-0.007609205235345917,0.0716084030458459,0.07921760828119181,0,1
193264,-0.007902842064352877,0.11252886342788855,0.12043170549224143,0,1
702248,-0.008495933698678348,0.10719451472687563,0.11569044842555398,0,1
231373,-0.008577499809649447,0.04593276208125168,0.05451026189090113,0,0
132097,-0.009054270460011116,0.0958727634082329,0.10492703386824402,0,1
184654,-0.009232694537439648,0.04908307501165882,0.058315769549098465,0,1
775453,-0.009254413838624229,0.0453419732561408,0.054596387094765025,0,0
214352,-0.009278548816623614,0.08295514710042456,0.09223369591704818,0,0
142229,-0.009709869190050041,0.15591604970075792,0.16562591889080797,0,0
450877,-0.009775367206805712,0.04373191607361995,0.053507283280425665,0,0
631972,-0.01022728602640523,0.0172796178844645,0.02750690391086973,0,1
723222,-0.011045708659908511,0.0375969169429769,0.04864262560288541,1,1
806673,-0.011267859934577545,0.07395427080768256,0.08522213074226011,0,0
436326,-0.011358342144978988,0.04178781640121217,0.05314615854619116,0,1
674736,-0.011561837855754889,0.11271500654646836,0.12427684440222325,0,0
870746,-0.01166786158195781,0.043990771201845205,0.055658632783803015,0,0
217886,-0.012194983309461671,0.13267785542264265,0.14487283873210433,0,1
890144,-0.01350232024989148,0.06389609434660075,0.07739841459649223,0,1
723587,-0.013855943524090003,0.07162618478734821,0.08548212831143821,0,0
238731,-0.013879387842719693,0.09712919361582896,0.11100858145854865,0,0
889177,-0.013900386566353605,0.014887590208362002,0.028787976774715607,0,1
130651,-0.013926190991905757,0.071910791849594,0.08583698284149975,0,0
521909,-0.014115515777846449,0.038255005109181915,0.052370520887028364,0,1
985421,-0.014381165099876227,0.046518539370397675,0.0608997044702739,0,0
985258,-0.015843351168753184,0.15009798980544312,0.1659413409741963,0,1
139062,-0.01589597559597969,0.0641516461466762,0.0800476217426559,0,0
692344,-0.01607059203045505,0.06909556860235386,0.08516616063280891,0,0
293718,-0.016496539964517,0.10943582163733004,0.12593236160184704,0,0
820670,-0.016632153439942274,0.034311575004557386,0.05094372844449966,0,1
619165,-0.01670173954231967,0.09005724467467853,0.1067589842169982,0,0
666074,-0.017076699174114723,0.17990493198212043,0.19698163115623515,0,1
319526,-0.017171200683475413,0.13707386859049545,0.15424506927397086,0,1
798646,-0.01740604087979429,0.1013118445560648,0.1187178854358591,0,1
358635,-0.01799204854827602,0.05361229421733091,0.07160434276560693,0,1
531116,-0.018059362730064005,0.09933437102150214,0.11739373375156614,1,0
745588,-0.018094082700053027,0.07249373310694153,0.09058781580699456,0,0
401207,-0.018127654717466843,0.09109788023951008,0.10922553495697693,0,1
834005,-0.018350972589365938,0.0683903703925693,0.08674134298193524,0,0
157993,-0.01863301147182849,0.031306908777743524,0.049939920249572015,0,0
551978,-0.01878182153087076,0.05031884697726199,0.06910066850813275,0,1
307869,-0.01893195390681133,0.05726250497105045,0.07619445887786178,0,0
813987,-0.019018376480045562,0.08426042412632287,0.10327880060636843,0,0
727083,-0.0190208800865084,0.05631203728624139,0.07533291737274979,0,1
228389,-0.019300132527273632,0.05727034474281779,0.07657047727009142,0,0
608062,-0.01934517091645418,0.018334168706861758,0.03767933962331594,0,0
821001,-0.019558036694880904,0.11802234215789684,0.13758037885277774,1,0
255289,-0.019937571589694517,0.0914940496052694,0.11143162119496391,0,1
302503,-0.020048438568016927,0.05442269168824078,0.0744711302562577,1,1
560244,-0.02047418868351914,0.03046953976098052,0.05094372844449966,0,0
842488,-0.020595445082832724,0.06160398845360494,0.08219943353643766,0,1
916228,-0.021123940208132005,0.07443485674276747,0.09555879695089947,0,0
659655,-0.02123931815232269,0.11058762715196771,0.1318269453042904,0,0
657685,-0.021402526164130076,0.15202899183876295,0.17343151800289303,0,1
386166,-0.021422557061347727,0.08387804978487866,0.10530060684622639,0,1
860084,-0.02147747266102941,0.10003596317378476,0.12151343583481417,0,1
870188,-0.02161184513186079,0.04261433164245415,0.06422617677431494,0,1
370914,-0.021635188808072886,0.04569678233303244,0.06733197114110533,0,0
187468,-0.02182872907137673,0.0831075009023675,0.10493622997374423,0,0
372900,-0.022326461148767858,0.03730725541093263,0.05963371655970049,0,1
887715,-0.022374459931009283,0.06387859951042839,0.08625305944143767,0,0
119816,-0.022751648044252476,0.20265468663371877,0.22540633467797125,0,0
224123,-0.022771384481173218,0.05524365824298533,0.07801504272415855,0,1
867595,-0.022876809861150663,0.09819294129916298,0.12106975116031364,1,1
976141,-0.023518776807771875,0.05596446847236435,0.07948324528013623,1,0
640340,-0.024500843390967565,0.05409137700247386,0.07859222039344142,0,0
581725,-0.024500843390967565,0.05409137700247386,0.07859222039344142,0,1
976031,-0.02468728250949044,0.09007718542870824,0.11476446793819868,0,0
159500,-0.025442376255661953,0.15309090473465634,0.1785332809903183,0,0
591450,-0.025601876353210373,0.08549479610162798,0.11109667245483835,1,1
595553,-0.025826429228600525,0.08548265483144785,0.11130908406004837,1,1
597660,-0.025998893592606806,0.11958528110704673,0.14558417469965354,0,0
383780,-0.026688454795666894,0.17784127170386152,0.2045297264995284,0,0
221172,-0.026878613752672254,0.15183442458538005,0.1787130383380523,0,0
904462,-0.02706046382345549,0.09668750600129168,0.12374796982474717,0,0
249143,-0.0271396571034479,0.13274684426094374,0.15988650136439164,0,0
543676,-0.0273924527137831,0.11770857251999128,0.14510102523377438,0,0
500584,-0.027422861083714486,0.07047622515254942,0.09789908623626391,1,1
745275,-0.027605942554113194,0.1230677065187111,0.1506736490728243,0,1
998850,-0.02772512584937757,0.05717151877288962,0.08489664462226719,1,1
688398,-0.0281506083353023,0.04521940222710822,0.07337001056241052,0,1
447220,-0.028413538839725958,0.04946338300201661,0.07787692184174257,0,1
542296,-0.028784143058749906,0.07814011643616403,0.10692425949491394,0,1
671139,-0.02937137707068046,0.024435089565123996,0.053806466635804455,0,0
779682,-0.029378059143349636,0.06529401275795269,0.09467207190130232,0,1
924845,-0.029385811722896886,0.03835924754027937,0.06774505926317625,0,1
570587,-0.0298976793438564,0.020572615077101144,0.050470294420957545,0,0
350541,-0.029915190996071872,0.06558204548281883,0.0954972364788907,0,0
175418,-0.030060393071848795,0.1214839093885191,0.1515443024603679,0,0
130447,-0.030862795673115423,0.08207191973157232,0.11293471540468775,0,0
756005,-0.0308661464767371,0.053195742245003765,0.08406188872174086,0,1
599046,-0.03095416800000419,0.032811545636537966,0.06376571363654215,0,0
972701,-0.031157299677315314,0.04261433164245415,0.07377163131976947,0,0
256222,-0.031203436817601196,0.049975255886837086,0.08117869270443828,0,0
232717,-0.03128230350605689,0.11381184455606481,0.1450941480621217,0,1
814998,-0.03151325329877436,0.0819955612749442,0.11350881457371856,1,1
134540,-0.031880055249868075,0.0696080448522623,0.10148810010213037,1,1
869884,-0.03209017894429516,0.05788063911337526,0.08997081805767042,0,0
470858,-0.033224916669988724,0.08306489171038073,0.11628980838036945,0,1
222788,-0.03342320595768811,0.06631866054584717,0.09974186650353528,0,0
412282,-0.033476640745335406,0.04018392099690926,0.07366056174224467,0,1
549076,-0.03372186876297359,0.18497842677767243,0.21870029554064602,0,1
750419,-0.03411273948796184,0.08492868570269557,0.11904142519065741,0,1
636159,-0.03434287875820349,0.13313311097160913,0.16747598972981262,0,0
239227,-0.03501095799219642,0.045102905668048726,0.08011386366024514,0,1
291420,-0.03536171652500271,0.09898293781448857,0.13434465433949128,0,1
358930,-0.03572438682179979,0.062064297142550295,0.09778868396435009,0,0
849078,-0.03618593068527465,0.05185382075900839,0.08803975144428304,0,0
328504,-0.03636932491514777,0.03506567227665021,0.07143499719179798,0,0
784191,-0.036812088249649925,0.053331846202288154,0.09014393445193808,0,1
106530,-0.03688028447893095,0.02163225318046916,0.058512537659400114,0,0
366997,-0.037416772636240936,0.10139504555014511,0.13881181818638605,0,1
233883,-0.037727396671911814,0.06509046189349255,0.10281785856540436,0,1
586261,-0.037957041423664725,0.05271485700224082,0.09067189842590555,0,1
260081,-0.03798600531332694,0.026712232670830532,0.06469823798415747,0,1
254626,-0.03867755722108495,0.03637440853670285,0.0750519657577878,0,1
334213,-0.03884406284175649,0.05614539322469234,0.09498945606644883,1,1
851496,-0.0402352667396253,0.02470997948626991,0.0649452462258952,0,1
722794,-0.04066197284967249,0.13653522532615056,0.17719719817582305,0,1
948923,-0.041152470052673834,0.21483031674208145,0.2559827867947553,0,0
605934,-0.04124843143503291,0.029831420250838105,0.07107985168587101,0,0
301152,-0.04212496021826592,0.1037527563665995,0.14587771658486542,0,0
844149,-0.042134737427823254,0.047461320186967054,0.08959605761479031,0,0
247979,-0.042663220110453176,0.04652546212683298,0.08918868223728615,0,1
515515,-0.04305348947516047,0.07237267667504022,0.11542616615020068,0,0
807173,-0.04322899545091283,0.0364429553934881,0.07967195084440093,0,0
154886,-0.04324869957094801,0.09313113737316323,0.13637983694411124,0,0
234633,-0.0433088700498776,0.0721812517553181,0.1154901218051957,0,1
167260,-0.04450415887294765,0.106414421851516,0.15091858072446365,0,0
499384,-0.04497418355942186,0.08586115464057671,0.13083533819999857,1,0
542939,-0.045432523592173576,0.09028763774170502,0.1357201613338786,0,1
356695,-0.04653889020075308,0.0757100963374516,0.12224898653820468,1,0
713859,-0.04679666592892896,0.05660995745598672,0.10340662338491569,0,0
478544,-0.047081277010398576,0.09781133254625621,0.14489260955665478,0,1
529276,-0.04718714344086404,0.1246525102415932,0.17183965368245724,0,0
715684,-0.04732460571803669,0.10601604684543493,0.15334065256347162,0,1
379003,-0.04780872049531737,0.1006265936079,0.14843531410321736,0,0
975863,-0.048426826730716604,0.15993856650636437,0.20836539323708098,0,1
236535,-0.049438910006583875,0.13160138674810973,0.1810402967546936,0,1
859746,-0.050219747462683956,0.11937323048639209,0.16959297794907605,1,1
603238,-0.05059490476451778,0.08315306506022938,0.13374796982474715,0,0
502980,-0.050880583083888944,0.04189031449215776,0.0927708975760467,0,0
976968,-0.05128106566017998,0.085026557434184,0.13630762309436398,0,1
117772,-0.051431376794755,0.043802212789697065,0.09523358958445206,0,1
986040,-0.051540206296689685,0.021702448305650136,0.07324265460233982,1,1
972638,-0.0530331600351556,0.04999439095031583,0.10302755098547144,0,0
972328,-0.05323003768856742,0.054686944829768366,0.10791698251833579,0,0
488612,-0.054590161864765674,0.1736104351237268,0.22820059698849246,0,0
353317,-0.0547369146246507,0.02884548102639354,0.08358239565104424,0,0
245342,-0.05619787026942019,0.14046948070985157,0.19666735097927177,0,1
821037,-0.0577094847301452,0.1596397500363867,0.2173492347665319,1,1
592734,-0.058146472068721915,0.05418938812550914,0.11233586019423106,0,1
640677,-0.05826684610195385,0.03521105639052612,0.09347790249247998,0,0
276089,-0.058403908989608885,0.091193698361575,0.14959760735118388,0,1
760775,-0.058663690678799535,0.029909921440431666,0.0885736121192312,0,0
891507,-0.05937966463138741,0.04955356321709026,0.10893322784847767,0,0
844086,-0.06104983693113479,0.11863270511941108,0.17968254205054587,0,0
211195,-0.06176663677732297,0.07090437550505413,0.1326710122823771,0,0
517170,-0.06267347101493528,0.13277192980266003,0.19544540081759532,0,0
557719,-0.06309395270834048,0.14282481977203138,0.20591877248037185,0,1
367491,-0.06417706608011194,0.0270894375776612,0.09126650365777314,0,0
465464,-0.06536778879727867,0.043439892511553134,0.1088076813088318,0,0
680595,-0.06744227564765398,0.12710892508541563,0.1945512007330696,0,0
257702,-0.06805525730424389,0.06856627007413399,0.13662152737837788,0,1
165318,-0.0682067795667502,0.03635297771752476,0.10455975728427495,0,0
485777,-0.06936121561657817,0.0966605931936937,0.16602180881027187,0,0
138304,-0.07012638773473202,0.10354529514222686,0.1736716828769589,0,0
718467,-0.07105116445995047,0.06586664140404108,0.13691780586399155,0,1
560796,-0.07127637927822293,0.017878353004081863,0.08915473228230479,0,1
846434,-0.07464212732850332,0.01619948649162756,0.09084161382013088,0,1
962881,-0.0764829699326197,0.057508102180975726,0.13399107211359543,0,1
584410,-0.07851152352343131,0.02326434486969201,0.10177586839312332,1,1
340016,-0.08117323674082874,0.04132700669263803,0.12250024343346677,0,0
563389,-0.08224278041762151,0.05180216082357786,0.13404494124119937,0,0
956774,-0.08379802429986795,0.01785670798243684,0.10165473228230479,0,0
157134,-0.08456677968051696,0.08149484804026363,0.1660616277207806,0,1
635534,-0.0861956580002293,0.13507486364131227,0.22127052164154157,0,0
535477,-0.08663590471561011,0.08189351845703402,0.16852942317264413,1,0
550195,-0.08720606858630557,0.050165649600926746,0.13737171818723232,0,0
660897,-0.09338871998435416,0.061574229239530515,0.15496294922388468,1,0
664262,-0.09365217521314462,0.16040114284859286,0.2540533180617375,0,0
546438,-0.10130515173026854,0.04285739005657292,0.14416254178684146,0,0
803714,-0.10435788379493384,0.09495541245784724,0.19931329625278107,0,0
225917,-0.10612685183596124,0.0976955667778315,0.20382241861379274,0,1
829678,-0.1086049019338711,0.18888729769343246,0.29749219962730356,0,1
223853,-0.11118626206700255,0.05788945418291874,0.1690757162499213,0,1
630089,-0.11194621358808436,0.05198561581840351,0.16393182940648787,0,1
924273,-0.11200937530998667,0.1191228298416716,0.23113220515165828,0,0
335659,-0.11394877884960049,0.07078161487706479,0.18473039372666528,0,0
722893,-0.11742147723995347,0.14608035066367006,0.26350182790362353,0,1
510925,-0.11971781832437095,0.10810326299481449,0.22782108131918544,0,0
653020,-0.12139122603371327,0.03339552785266292,0.1547867538863762,0,1
958286,-0.12244614831219224,0.07952286483868147,0.2019690131508737,0,0
907655,-0.12281236865014547,0.039568214744723024,0.1623805833948685,0,0
389220,-0.12297650602239654,0.06494595656048568,0.18792246258288223,0,1
808754,-0.12435860566164766,0.04959483446807978,0.17395344012972744,0,1
161665,-0.12467856097228205,0.1644098852036108,0.28908844617589285,0,1
121253,-0.12477433653162658,0.036720702207776054,0.16149503873940263,0,1
550062,-0.12520247758980813,0.06917109100101677,0.1943735685908249,0,1
294488,-0.13100626866015372,0.18689353438503983,0.31789980304519355,0,0
320984,-0.13164560716341414,0.019435101993334588,0.15108070915674873,0,1
660315,-0.14091395963198175,0.03236759621858051,0.17328155585056226,0,1
267647,-0.14162666598313106,0.09157150571674742,0.23319817169987847,0,1
673156,-0.14622809313094354,0.043330853913641595,0.18955894704458512,0,1
771447,-0.14694233460248973,0.06264059964773551,0.20958293425022523,0,1
498929,-0.1487581283211281,0.1828035946621473,0.3315617229832754,0,0
199616,-0.15114809809687385,0.06614813532135692,0.2172962334182308,0,1
380783,-0.1526979221665144,0.0644474571915276,0.217145379358042,0,1
417428,-0.15593349218028296,0.13959078470293235,0.2955242768832153,0,1
526009,-0.15651115903402446,0.0547174979298867,0.21122865696391116,0,0
378710,-0.15835369500669627,0.08686375417825289,0.24521744918494914,0,0
115708,-0.17495721214567,0.15589313879212757,0.3308503509377976,0,1
530424,-0.1949407821644149,0.07860033551602562,0.27354111768044054,0,1
590042,-0.20755117212607416,0.0643784969728799,0.27192966909895405,0,0
980179,-0.24762561005896006,0.033930796525179455,0.2815564065841395,1,0
